Username,Tweet,Datetime,Number of Followers,Number of Comments,Number of Retweets,Number of Likes,cleaned Tweet,flair_sentiment,flair_sentiment_score,vader_sentiment,vader_score,finbert_sentiment,finbert_score,ticker
johnholowach,"$ATER: Ortex unsullied the data after a review -- utilization now 99.7%, SI 44.66%, CTB avg 199%. Screw you, shorts. https://t.co/jR3NKv7kHs",2021-09-30 13:25:13+00:00,12190,24,34,217,ortex unsullied data review utilization si ctb avg screw short,NEGATIVE,0.9972,neu,-0.1027,neutral,0.934774876,ATER
ORTEX,"$ATER Short Interest Update

After discussions with S&amp;P, who provide our Free Float data, they have reviewed recent SEC filings at our request and agreed that FF for #ATER should be 45.39% of Shares Outstanding.

After this adjustment, $ATER #ShortInterest estimate is 44.6% of FF",2021-09-30 12:16:24+00:00,134556,44,106,520,short interest update discussion amp p provide free float data review recent sec file request agree ff share outstanding adjustment estimate ff,POSITIVE,0.512,pos,0.9618,neutral,0.930422246,ATER
cahemota,"Jogo inteligente e equilibrado. Tirou o passe curto do Barcelona, condicionou o jogo aos cruzamentos. Tudo dentro do manual da boa classificação. Não dá para ignorar isso e se ater a uma defesa em falta de longe e outra em corte errado da defesa. BAITA atuação! #trmonumental",2021-09-30 01:54:29+00:00,218515,4,13,347,jogo inteligente e equilibrado tirou passe curto barcelona condicionou jogo aos cruzamentos tudo dentro manual da boa classificação não dá para ignorar isso e se uma defesa em falta de longe e outra em corte errado da defesa baita atuação,NEGATIVE,0.5943,neu,0,positive,0.693413794,ATER
SDhillon07,Watchlist/guide for 09/29  $NAKD $RGS $ANY $AIKI $ATER $MRIN https://t.co/pML6sdYlNd,2021-09-28 23:48:46+00:00,57333,27,16,254,watchlist guide nakd rg aiki mrin,POSITIVE,0.8639,neu,0,neutral,0.928737283,ATER
DonnieStocks,"Swings 

$DATS 12 reclaim, 12.50 break 👀 
$AMC 40.50 break for 43
$BBIG push above 6.50 for 7,8,9
$IMNM see u @ 30+
$BYSI 16/16.50 break

Day trades 

$MRIN 10.55 break 👀 
$ATER break 13 with room for 17!!!
$PALT break 5, has room for 7
$ZIVO break 5.45/6.05/7!
$EZFL 4 break 👀",2021-09-27 00:26:13+00:00,28086,9,27,236,swing dat reclaim break amc break bbig push imnm see u bysi break day trade mrin break break room palt break room zivo break ezfl break,NEGATIVE,0.9233,neu,0,neutral,0.829538226,ATER
MarketRebels,"Most Active Tickers on Stocktwits (Last 24 Hours)

1. $AMC
2. $BTC
3. $BBIG
4. $SPY
5. $DOGE
6. $OCGN
7. $ETH
8. $ADA
9. $SHIB
10. $ATER

$BBIG 3rd most active despite being down 50% from its September 8 high.",2021-09-26 20:58:14+00:00,130466,54,71,325,active ticker stocktwits last hour amc btc bbig spy doge ocgn eth ada shib bbig 3rd active despite september high,NEGATIVE,0.9996,neu,0.6597,positive,0.753860831,ATER
SDhillon07,Watchlist for 09/27 $ATER $ANY $BBIG $SDC $RWLK $TMC https://t.co/q5ea22eeoh,2021-09-26 14:58:12+00:00,57333,15,16,213,watchlist bbig sdc rwlk tmc,POSITIVE,0.9738,neu,0,neutral,0.928342938,ATER
johnholowach,"Guys, I'm just hoping $ATER squeezes first so I can plunge that into $AMC. There's no conflict here.",2021-09-25 01:01:31+00:00,12152,70,21,568,guy hop squeeze first plunge amc conflict,NEGATIVE,0.9862,neu,-0.3182,neutral,0.811480463,ATER
johnholowach,"$ATER: How ATER is a much bigger deal than I thought, analysis and DD of this powderkeg. 

HIGHLY recommend watching the whole thing.

https://t.co/g8pH24oTeY",2021-09-25 00:21:16+00:00,12152,25,41,237,much big deal think analysis dd powderkeg highly recommend watch whole thing,POSITIVE,0.9968,neu,0.4201,neutral,0.886191785,ATER
johnholowach,"$ATER: I'm going to be significantly increasing my position in this next week. Not financial advice, video coming soon",2021-09-24 23:05:21+00:00,12152,28,8,221,go significantly increase position next week financial advice video come soon,POSITIVE,0.8552,neu,0.3182,positive,0.754614532,ATER
johnholowach,"$ATER: It's worse for shorts than I thought. When I looked at average age of shorts previously, I looked at the end of day price, but they actually shorted down to $4.86, making them, on average, 259% underwater right now.",2021-09-24 22:34:52+00:00,12152,19,30,288,bad short think look average age short previously look end day price actually short make average underwater right,NEGATIVE,0.9998,neu,-0.5423,neutral,0.843353033,ATER
DouglasGarcia,"1 - Andreazza, que tal vc começar a se ater aos fatos, assim irá errar menos nas suas análises?
Desde o começo desta insanidade de vacinas experimentais, estou questionando contratos e eficiência… Não se trata de ser anti vax, mas, sim: PRÓ LIBERDADE!
segue o fio
👇 https://t.co/p5SezRMApw",2021-09-24 16:05:35+00:00,327751,28,208,1373,andreazza que tal vc começar se aos fatos assim irá errar menos na suas análises desde começo desta insanidade de vacinas experimentais estou questionando contratos e eficiência não se trata de ser anti vax ma sim pró liberdade segue fio,NEGATIVE,0.9962,neu,-0.3182,positive,0.659603059,ATER
TRUExDEMON,"And on the up-swing, entities sell their covered/naked calls, buy OTM calls, and let it ride. 

There are patterns in the charts, and they are all following wedge patterns. The oscillation on an hourly/daily scale becomes obvious. See call flow on $ATER from yesterday for example https://t.co/c1mF2Xdi0x",2021-09-23 21:47:42+00:00,12601,2,18,211,swing entity sell cover naked call buy otm call let ride pattern chart follow wedge pattern oscillation hourly daily scale become obvious see call flow yesterday example,NEGATIVE,0.9804,neu,0,neutral,0.926542997,ATER
TRUExDEMON,"They now have a ton of shares they don't want...

What do they do with them?

They dump them. Smash the price on critical momentum, and crush large quantities of options that are nearly expiring ITM.

Examples of stocks they are targeting:
$ATER $AMC $GME $SDC $BBIG $FFIE $SENS",2021-09-23 21:47:41+00:00,12601,9,28,277,ton share want dump smash price critical momentum crush large quantity option nearly expire itm example stock target amc gme sdc bbig ffie sen,NEGATIVE,0.9996,neu,-0.4588,neutral,0.879223049,ATER
Jacianaa,"Uma escola privada entrou em contato pra fazer uma oficina com 81 crianças. A mensalidade gira em torno de 6k. Vou me ater a dizer o valor da mensalidade, ok?

Cobramos R$55 por crianças pra levar nossa oficina. 2 horas de atividade.

Menos de 5k o total. A escola achou caro. Rs",2021-09-23 20:28:14+00:00,11146,126,785,26254,uma escola privada entrou em contato pra fazer uma oficina com crianças mensalidade gira em torno de 6k vou dizer valor da mensalidade ok cobramos r por crianças pra levar nossa oficina horas de atividade menos de 5k total escola achou caro r,NEGATIVE,0.56,neu,0.296,positive,0.678061962,ATER
johnholowach,"$ATER: Fintel/Fidelity both show zero or close to zero shares available to short. Nothing has changed. Market overreacted to the press release, it bounced off the trendline at $11.20, even a dip below wouldn't end it. Company paying off debt is strong. Thesis intact. https://t.co/tgDcXNgOlJ",2021-09-23 20:18:10+00:00,12152,24,38,278,fintel fidelity show zero close zero share available short nothing change market overreact press release bounce trendline even dip end company pay debt strong thesis intact,NEGATIVE,0.9204,neu,0.6298,positive,0.879103899,ATER
trofleby,o cara literalmente lançou que o grupo não devia ser pra falar de política e que devia se ater a somente coisas do curso no grupo de turma de ✨ciência política✨,2021-09-23 20:11:09+00:00,235,30,277,8471,cara literalmente lançou que grupo não devia ser pra falar de política e que devia se somente coisas curso grupo de turma de ciência política,NEGATIVE,0.9986,neu,0,positive,0.699430227,ATER
JBStocks_,"My apologies for tweeting so much about $ATER but I am so fired up. 

BTW $AMC has me so JACKED UP 🚂🚂🚂🚂🚂🚂🚂🚂🚂🚂🚂🚂🚂🚂",2021-09-23 15:24:05+00:00,13552,33,20,337,apology tweet much fire btw amc jack,NEGATIVE,0.9993,neu,-0.296,neutral,0.887551069,ATER
momiage0088,"米国株最終
ダウ+1% ナス+1.02% SP500+0.95% ラッセル+1.48% もみ+0.7%
・昨日の恒大ポジ？ニュースで一旦ヘッジアンワインド
・FOMCほぼ無風→更にヘッジアンワインド→テーパ時期は明言せず
・引けAH中国警戒売りか？
・金利↓、原油↑
FBはネガIOSアド-4%
FDXは決算で人件費増-9%
ATERはパンプ+18% https://t.co/6oDcblWDke",2021-09-22 20:16:20+00:00,123258,4,42,434,sp500 fomc ah fbios fdx,POSITIVE,0.8975,neu,0,neutral,0.919116378,ATER
Mini_Tradez,"$AEMD- $6 potential 
$WKSP- $8.15-$8.25 clear break
$ATER- watch pre market and right at open for volume. $13.50–&gt;$14.00 clear break for $15-$17
$PRTH- watching $7.80-$8.00 break
$MDIA- love this name. $10.00 break and then $10.50 break major for $12-$15
$SGOC- $8 break fly $7key",2021-09-22 03:11:32+00:00,36500,12,19,203,aemd potential wksp clear break watch pre market right open volume gt clear break prth watch break mdia love name break break major sgoc break fly 7key,POSITIVE,0.7462,neu,0.8885,neutral,0.918129027,ATER
SDhillon07,Watchlist for tomorrow- 09/21 for the fintwit fam  $APRE $EDSA $SDC $ATER https://t.co/yzQcjbrDMD,2021-09-20 23:57:11+00:00,57333,20,14,249,watchlist tomorrow fintwit fam apre edsa sdc,POSITIVE,0.9952,neu,0,neutral,0.919461727,ATER
TRUExDEMON,"Days like this are what diamond hands were fucking made for. The market is a bloodbath, and every meme stock, squeeze play, and retail favorite is showing strength. 

$AMC $GME $BBIG $SDC $ATER $ZEV

Check 'em and tell me I'm wrong.

To hell with wall street and LFG!!!",2021-09-20 13:50:49+00:00,12601,11,37,310,day like diamond hand fuck make market bloodbath every meme stock squeeze play retail favorite show strength amc gme bbig sdc zev check em tell wrong hell wall street lfg,POSITIVE,0.8945,neu,0.5423,neutral,0.902633369,ATER
stocks2the,"Easy Watchlist 🚨✈️

#1 $SDC 
#2 $TMC
#3 $AMC reversal
#4 $BBIG reversal 
#5 $LCID Reddit? 
#6 $ANY reversal 
#7 $WISH Momo 
#8 $CEI 
#9 $ATER 
#10 $MMAT",2021-09-20 00:28:40+00:00,42894,18,35,221,easy watchlist sdc tmc amc reversal bbig reversal lcid reddit reversal wish momo cei mmat,POSITIVE,0.7327,neu,0.6808,neutral,0.922886074,ATER
rude_trades,"Watchlist: 🍋LIKE AND SHARE🍋

$CEI $2 break
$DATS $9 break for $10-$15 🍋
$OCGN WHO approval
$SDC $7 re break 🍋
$NAK $0.52 break for $0.60+
$BBIG reversal if $10 break 
$ATER $12 break for $15+
$ANY $7.50 break 
$EYEG $2 continuation to $3+",2021-09-19 23:25:55+00:00,7284,10,25,208,watchlist like share cei break dat break ocgn approval sdc break nak break bbig reversal break break break eyeg continuation,POSITIVE,0.9458,neu,0.7783,neutral,0.872843742,ATER
Mini_Tradez,"$ATER- $12 clear break. 
$TMC- $10.55-$10.66 clear break for reversal to $12-$15
$PRTH- love this play. $7.50 for reversal $7.80-$8.00 break for $10
$CEI- $2.00 clear break for slow grinder
$MDIA- $8.50 break
$APRE- $6.00 clear break
$CRVS- $7.00 clear break for $8-$10
$CRXT- $9b",2021-09-19 22:28:40+00:00,36500,24,45,432,clear break tmc clear break reversal prth love play reversal break cei clear break slow grinder mdia break apre clear break crvs clear break crxt 9b,POSITIVE,0.9188,pos,0.9559,neutral,0.925705492,ATER
DonnieStocks,"Top swings for next week:
$CEI 1.80 break for 2 🎯 &amp; some
$SDC hold 6.50, 7 break clean for 10
$ATER 12 break for a BIG move 
$DATS 15 PT 👀 🔥 SWING
$BBIG 8.25 clean break for 10+ move. 

Day trades I’ll update tomorrow 🤝
$ABCL $EZFL $CRVS &amp; more!

🚨NOTIFICATIONS ON🚨",2021-09-19 01:30:30+00:00,28086,18,42,382,top swing next week cei break amp sdc hold break clean break big move dat pt swing bbig clean break move day trade update tomorrow abcl ezfl crvs amp notification,NEGATIVE,0.5908,neu,0.7351,neutral,0.907646835,ATER
Dantinhas,"Vamos nos ater aos fatos, sem distorções. Longe de mim adorar o Erasmo, mas ele não chamou O RICO de viado. Ele estava falando do GUI.

“Sem essa pressão (do Rico), ele (Gui) ia dar pra gente (a vitória), esse viado (Gui). Se não fosse o Rico...” 

#AFazenda13 https://t.co/KX3YqscZf2",2021-09-18 21:27:50+00:00,125985,28,26,248,vamos no aos fatos sem distorções longe de mim adorar erasmo ma ele não chamou rico de viado ele estava falando gui sem essa pressão rico ele gui ia dar pra gente vitória esse viado gui se não fosse rico,NEGATIVE,0.9593,neu,-0.296,positive,0.631179392,ATER
AokoOtieno_,"Okuyu cha onge kuma adhiyego bwana. Boycha ahere nikech oriek and en skinny, chunde 5G cable lakini babawa kiswahili mare oduono ma, as his first born, okanyal terone jamwa. Afadhali akau obanda Migori ater Nyakach. Adwaro ng'ama kanyama toyuak gi dhok mawinjo. Marej dissolved",2021-09-18 03:08:35+00:00,40830,197,44,497,okuyu cha onge kuma adhiyego bwana boycha ahere nikech oriek en skinny chunde 5g cable lakini babawa kiswahili mare oduono first bear okanyal terone jamwa afadhali akau obanda migori nyakach adwaro ng ama kanyama toyuak gi dhok mawinjo marej dissolve,POSITIVE,0.6466,neu,0,neutral,0.880931377,ATER
g_brescia,"Stamattina all’alba, a Tor Bella Monaca #Roma, cento uomini della Polizia Locale insieme ad altre forze dell’ordine hanno sgomberato alloggi #Ater occupati abusivamente. Operazione fondamentale di contrasto alla #mafia. Riconsegnarle a chi ne ha diritto. Avanti! @virginiaraggi",2021-09-17 09:32:04+00:00,15840,11,95,227,stamattina alba tor bella monaca cento uomini della polizia locale insieme ad altre forze dell ordine hanno sgomberato alloggi occupati abusivamente operazione fondamentale di contrasto alla riconsegnarle chi ne ha diritto avanti,NEGATIVE,0.502,neu,0.34,neutral,0.821069777,ATER
DansGamePoker,"Changed my approach today, quit following my plans, traded based on the $. There are times it's best. Best plays were on $ATER throughout the day. Ending +$30,000 overall. It's a good start to a recovery but I can't get too comfortable just yet, slow and steady. https://t.co/zB9SWFMUO3",2021-09-15 20:05:30+00:00,17528,17,7,221,change approach today quit follow plan trade base time best best play throughout day end overall good start recovery get comfortable yet slow steady,NEGATIVE,0.9768,neu,0.9517,neutral,0.50674206,ATER
userofintellect,There is nothing like #AMC and #GME. Many ask me why SPRT supportcom with 97% short interest doesn't deserve attention. Because that 97%  is going to be 10% of the new company. The shorts won basically. ATER lost 35% over night why? SDC? and many more. Only $AMC $GME in my folio,2021-09-14 17:37:30+00:00,11580,17,45,381,nothing like many ask sprt supportcom short interest deserve attention go new company short basically lose night sdc many amc gme folio,NEGATIVE,0.9987,neu,-0.2047,neutral,0.919742107,ATER
PJ_Matlock,$AMC $ATER bounces let's go! $AMC is a hold for me from 42-43 levels,2021-09-14 17:14:52+00:00,327138,7,10,208,amc bounce let go amc hold level,POSITIVE,0.8086,neu,0,neutral,0.707328141,ATER
STXRBOY999,I was the fist person ever to bring up $ATER - $IVC will do the same by 10/15 - I’m trying to turn my $300k into $1.5M by then🤝,2021-09-14 16:29:58+00:00,89365,39,7,219,fist person ever bring ivc try turn 300k 5m,NEGATIVE,0.998,neu,0,neutral,0.910217583,ATER
paiquedsl,"UMA INCOMODA QUESTÃO RACIAL ENTRE LULA E BROWN

Ouvi no Fim de semana o podcast do manobrown e lula. Quero me ater somente à parte do diálogo deles sobre racismo, que acho muito confusa e preenchida de equívocos pelo Lula. Fiz um fio meio longo, tomara que ajude",2021-09-13 16:18:21+00:00,685,8,56,350,uma incomoda questão racial entre lula e brown ouvi fim de semana podcast manobrown e lula quero somente à parte diálogo deles sobre racismo que acho muito confusa e preenchida de equívocos pelo lula fiz um fio meio longo tomara que ajude,NEGATIVE,0.9559,neu,0,positive,0.684101105,ATER
DonnieStocks,"I’m providing 6-8 tickers a day for FREE with plans. Not 20 with just a stock name. Actual plans with break points. Please take advantage of these opportunities! 

$EFTR alerted for 27 buy order 

$ATER 12.05 entry and we blasted to 15

Giving NEW entry points for big profits! 🤝",2021-09-13 13:14:36+00:00,28086,7,14,224,provide ticker day free plan stock name actual plan break point please take advantage opportunity eftr alert buy order entry blast give new entry point big profit,NEGATIVE,0.9762,neu,0.926,neutral,0.931853771,ATER
idfwshady,"“you can go to bed now” 

SIR DO YOU SERIOUSLY THINK I CAN SLEEP ATER THAT @tylerrjoseph IM SO HAPPY FOR YOU BOTH https://t.co/fIgz0tf2JF",2021-09-13 00:52:53+00:00,3221,4,58,335,go bed sir seriously think sleep im happy,POSITIVE,0.9913,neu,0.4588,neutral,0.848606884,ATER
cahemota,"Um dos grandes problemas da atualidade na minha opinião é a necessidade de todo mundo ter verdade absoluta sobre tudo. Eu costumo me ater ao que eu domino, ao que tenho conhecimento. Quando não tenho conhecimento, o silêncio é meu melhor amigo. Faz bem.",2021-09-09 00:21:16+00:00,218022,20,38,1065,um do grandes problemas da atualidade na minha opinião é necessidade de todo mundo ter verdade absoluta sobre tudo eu costumo ao que eu domino ao que tenho conhecimento quando não tenho conhecimento silêncio é meu melhor amigo faz bem,NEGATIVE,0.9929,neu,0,positive,0.647311449,ATER
cassiodelarocha,"Ô tio Rei @reinaldoazevedo , o @cirogomes não atrelou êxito ou (não êxito) do impeachment à adesão explícita de Lula.
Vamos nos ater aos fatos.
Lula vem fazendo corpo mole na defesa do impeachment pq sem Bolsonaro nas eleições as coisas tendem a ficar mais difíceis para ele.",2021-09-08 22:23:18+00:00,2608,12,26,288,ô tio rei não atrelou êxito ou não êxito impeachment à adesão explícita de lula vamos no aos fatos lula vem fazendo corpo mole na defesa impeachment pq sem bolsonaro na eleições coisas tendem ficar mais difíceis para ele,NEGATIVE,0.9996,neu,-0.296,positive,0.692193806,ATER
traderstewie,$ATER... several people brought this to my attention last week. It's obviously very speculative but it's hard to ignore the huge Accumulation volume patterns and the high short interest. It could explode higher this week. Worth watching https://t.co/0SIp6Wdo1h,2021-09-08 17:46:26+00:00,331239,17,32,228,several people bring attention last week obviously speculative hard ignore huge accumulation volume pattern high short interest could explode high week worth watch,NEGATIVE,0.7777,neu,0.5719,negative,0.841747046,ATER
CrisBernart,"Pode ser de direita, esquerda, centro, de cima embaixo puxa e vai - será bem-vindo à manifestação domingo, que será histórica! Não importa em quem você vote ou o que acredite, é seu dever ir! Mas vamos nos ater às pautas: Fora Bolsonaro e defesa à democracia! #12SetForaBolsonaro",2021-09-08 14:16:22+00:00,22683,8,15,211,pode ser de direita esquerda centro de cima embaixo puxa e vai será bem vindo à manifestação domingo que será histórica não importa em quem você vote ou que acredite é seu dever ir ma vamos no às pautas forum bolsonaro e defesa à democracia,NEGATIVE,0.9942,neu,-0.296,positive,0.707985461,ATER
CascaGrossaReal,"Bolsonaro é o seguinte...

Se você somente se ater ao seu discurso, você até pode gostar dele.

Agora, se você resolver prestar atenção em suas ações não tem como não desprezá-lo absolutamente.",2021-09-06 22:36:49+00:00,22348,24,44,643,bolsonaro é seguinte se você somente se ao seu discurso você até pode gostar dele agora se você resolver prestar atenção em suas ações não tem como não desprezá lo absolutamente,NEGATIVE,0.9675,neu,0.1779,positive,0.737737477,ATER
radiolatinabr,"Então a @DulceMaria vai ater a própria música na própria playlist de funk? Sim! Dia 03, sexta-feira, chega #ElaTáMovimentando com @KevinOChris! 🔥🔥 https://t.co/AJejSwaQgX",2021-09-02 15:58:54+00:00,8019,15,89,257,então vai própria música na própria playlist de funk sim dia sexta feira chega com,POSITIVE,0.6653,neu,0,neutral,0.80737263,ATER
KermitInvesting,"$BBIG now the number one potential short squeeze on fintel! 🚀🚀🚀🚀

#StocksToWatch #StocksToBuy #stocks #AMC #wallstreetbets #NFT #apesnotleaving #shortsqueeze #ShortInterest #shorts

$GME $AMC $SPY $QQQ $HOOD $WISH $CLOV $SOFI $SPCE $NIO $SHOP $MRNA $BABA $AMD $NVDA $ATER https://t.co/MzgzykJfYB",2021-09-01 10:50:22+00:00,3078,132,241,3812,bbig number one potential short squeeze fintel gme amc spy qqq hood wish clov sofi spce nio shop mrna baba amd nvda,NEGATIVE,0.5938,neu,0.4588,neutral,0.574629188,ATER
onelifebieberss,"It’s the way since justin bieber was first debuted he had a h*ate train, first it was homophobic comments on him, and than it was his hair, and than it was he was a “wo*anozier  ch*ater” he was going down bad and the wrong path, he was rude, he was mean. -",2021-09-01 05:16:46+00:00,1606,4,63,339,way since justin bieber first debut h eat train first homophobic comment hair wo anozier ch go bad wrong path rude mean,NEGATIVE,0.9977,neu,-0.8625,neutral,0.700195134,ATER
JBStocks_,"I scraped my day trades today and I am playing 300k on $ROOT , $SPRT , $ATER  and adding to $BBIG 

🤩🤩🤩🤩",2021-08-30 12:11:05+00:00,13553,24,8,248,scrap day trade today play 300k root sprt add bbig,POSITIVE,0.8179,neu,0.34,neutral,0.876756847,ATER
Cha080525,"WOMAN RESCUED ATER BEYOND LIVE NEWS DROPPED. It was too much for her poor little heart.

I am woman. She is me.
#Key #Key_HateThat https://t.co/Aq10BbCTFZ",2021-08-30 09:16:55+00:00,1294,2,246,496,woman rescue beyond live news drop much poor little heart woman,NEGATIVE,0.5315,neu,-0.2263,neutral,0.800648034,ATER
gurgavin,"ACTUAL SHORT INTEREST OF FINTWIT FAVORITE  STOCKS

$SPRT 59.72%

$ROOT 34.42%

$ATER 23.94%

$BBIG 21.72%

$CLOV 19.93%

$AMC 15.99%

$SESN 12.06%

$MMAT 10.63%

$WISH 7%

SOURCE - S3 ( COST'S $10 K A YEAR )",2021-08-29 23:51:44+00:00,48533,44,45,389,actual short interest fintwit favorite stock sprt root bbig clov amc sesn mmat wish source s3 cost k year,POSITIVE,0.9573,neu,0.8271,neutral,0.942228556,ATER
stocks2the,"Momo List 

#1  $BBIG 
#2 $ROOT
#3 $DATS 
#4 $AMC
#5 $AFRM
#6 $WISH
#7 $SBET 
#8 $ATER 
#9 $BTBT

Also watching blockchain tickers with $BTC above 50K

EV reversal plays also 

🚨🚨🚨🚨🚨🚨🚨🚨🚨🚨🚨🚨🚨",2021-08-29 20:19:36+00:00,42896,26,55,287,momo list bbig root dat amc afrm wish sbet btbt also watch blockchain ticker btc 50k ev reversal play also,NEGATIVE,0.9998,neu,0.6249,neutral,0.929625213,ATER
SeharShinwari,"@mjdawar Ater losing monthly salary from NDS, Mohsin has decided to earn money from looting poor pakhtuns on the name of nationalism.",2021-08-29 14:59:50+00:00,16139,24,101,1204,lose monthly salary nd mohsin decide earn money loot poor pakhtuns name nationalism,NEGATIVE,0.9997,neu,-0.7003,negative,0.924058735,ATER
Nasimul1978,"My next week's price predictions:
$SPRT $50+
$NURO $30+
$BBIG $15+
$ATER $11+
$MRIN $10+
$ROOT $11+
$AHT $18+
$AFRM $110+
$DIS $190+
$SGOC $15+
$MSTR $750+
$ANY $8+
$MMAT $7+
$BTBT $18+
$WISH $8+
$PENN 88+
$CEMI $4+
$AI $55+
$AMC $50+
$GME $220+
$FSLY $50+
$DATS $10+
$VRPX $21+",2021-08-28 22:52:40+00:00,4370,42,79,468,next week price prediction sprt nuro bbig mrin root aht afrm dis sgoc mstr mmat btbt wish penn cemi ai amc gme fsly dat vrpx,NEGATIVE,0.9941,neu,0.4019,neutral,0.881924093,ATER
LosBlancos_Live,Kylian Mbappè gave away signed balls to kids ater training today. @elchiringuitotv #rmlive 🚨🚨 https://t.co/zmfi8VNwOI,2021-08-26 13:30:05+00:00,14134,7,9,247,kylian mbappè give away sign ball kid train today,NEGATIVE,0.9952,neu,0,neutral,0.866297126,ATER
Afro_Herper,"The common chuckwalla, Sauromalus ater is a large lizard getting up to 16in! Adult males have black heads &amp; limbs but depending on location, their trunks can be different colors. I drove to northern, AZ to see this morph. Can you #FindThatLizard? Let me know with #FoundThatLizard https://t.co/QxFKAXnLbI",2021-08-26 00:03:05+00:00,46979,303,138,1039,common chuckwalla sauromalus large lizard get 16in adult male black head amp limb depend location trunk different color drive northern az see morph let know,NEGATIVE,0.9995,neu,0,neutral,0.92404896,ATER
Fabricio_Rebelo,"Compreendo as críticas a mim dirigidas por me ater a análises jurídicas em meio a uma instabilidade institucional reinante. Porém, além de ser minha primordial área de atuação, é justamente pelo entendimento da quebra da ordem jurídica que se percebe a gravidade do cenário atual.",2021-08-23 21:42:10+00:00,37827,13,67,610,compreendo críticas mim dirigidas por análises jurídicas em meio uma instabilidade institucional reinante porém além de ser minha primordial área de atuação é justamente pelo entendimento da quebra da ordem jurídica que se percebe gravidade cenário atual,POSITIVE,0.9316,neu,0,positive,0.716752708,ATER
hoc111,"Polícias Militares, assim como Forças Armadas, são instituições de estado, não de governo

Não podem se manifestar politicamente e devem se ater a função de preservar a ordem

Quer fazer política?

Vá pra reserva

Não existe democracia se o braço armado do estado escolhe um lado",2021-08-23 14:48:08+00:00,74800,213,813,7709,polícias militares assim como forças armada são instituições de estado não de governo não podem se manifestar politicamente e devem se função de preservar ordem quer fazer política vá pra reserva não existe democracia se braço armado estado escolhe um lado,NEGATIVE,0.9506,neu,0,positive,0.737346411,ATER
DeaconBlues0,"Ater letting Trumpers lie for four years, Chuck Todd is suddenly a pit bull with every Biden appointee.",2021-08-23 00:52:21+00:00,56336,54,153,731,let trumpers lie four year chuck todd suddenly pit bull every biden appointee,NEGATIVE,0.9985,neu,0,neutral,0.83102566,ATER
GrantGodfrey3,AGTG!Ater a call with Coach @CoachHutzler I am very honored to receive an Offer from Ole Miss University @ChadSimmons_ @Mansell247 @BGilmer18 @jeffsentell @Collins_OleMiss @OleMissFB https://t.co/mnS9wEKgpb,2021-08-19 18:22:33+00:00,774,8,27,232,agtg call coach honor receive offer ole miss university,POSITIVE,0.9072,neu,0.3818,neutral,0.808723569,ATER
0to1infinity,"A perfect Massawa morning - ""put it on my tab"" 😊 Lavazza coffee shots with crispy Qicha Ater at Cinema Aida, the sound of fishermen across the bridge, and catching up on a whole bunch of #mustread downloads from @tesfanews and @PanAfricanRevie https://t.co/J9Vhmf8S1A",2021-08-18 16:07:43+00:00,9768,15,90,205,perfect massawa morning put tab lavazza coffee shoot crispy qicha cinema aida sound fisherman across bridge catch whole bunch download,POSITIVE,0.9996,neu,0.3182,neutral,0.888355136,ATER
albertocalmeida,"Caso a esquerda volte ao poder com Lula, será necessário reconhecer que os melhores ministros do STF são juristas conservadores, no sentido de buscarem se ater à letra da lei. Não são os juristas amigos, progressistas ou que interpretam a lei a favor dos mais fracos (Fachin)",2021-08-13 18:04:35+00:00,37944,18,26,368,caso esquerda volta ao poder com lula será necessário reconhecer que o melhores ministros stf são juristas conservadores sentido de buscarem se à letra da lei não são o juristas amigo progressistas ou que interpretam lei favor do mais fracos fachin,POSITIVE,0.5798,neu,0.4019,positive,0.736373246,ATER
lucaszanandrez,"Mas enquanto a ciência não dá essas respostas, vamos nos ater ao que já sabemos:

1- Use máscaras, especialmente as PFF2 se você for frequentar um local fechado (supermercado, escola, consultório médico, escritório...)
2- Evite qualquer aglomeração (2 ou mais pessoas)",2021-08-12 17:02:27+00:00,17440,1,18,265,ma enquanto ciência não dá essas respostas vamos no ao que já sabemos use máscaras especialmente pff2 se você frequentar um local fechado supermercado escola consultório médico escritório evite qualquer aglomeração ou mais pessoas,NEGATIVE,0.9955,neu,-0.296,positive,0.642000079,ATER
HolleleSaiduu,Mais les deux derniers de la famille loutakh dougn dioubo ? Mane daamay ater ba sonou 😭😭😭😭🥺,2021-07-31 16:38:21+00:00,18674,30,44,457,mais le deux derniers de la famille loutakh dougn dioubo mane daamay ba sonou,NEGATIVE,0.9202,neu,0,neutral,0.88713938,ATER
JJohannesM51,"👋Wonderful Thursday afternoon #day for all 😊🕊️🌹🎋🌦️Upeaa torstai iltapäivää kaikille 😊🕊️🌹🎋🌦️ (Kuusitianen, Periparus ater) by Samuli Haapasalo https://t.co/epoSpfEN2z",2021-07-29 11:35:25+00:00,13821,1,294,352,wonderful thursday afternoon upeaa torstai iltapäivää kaikille kuusitianen periparus samuli haapasalo,POSITIVE,0.9967,neu,0.5719,neutral,0.847891152,ATER
traumann,"É fácil para um analista se ater a miudezas sobre o nazismo quando ele não tem parentes mortos em Auschwitz, Majdanek e Treblinka, https://t.co/lQPRtmKRaJ",2021-07-27 01:05:50+00:00,62950,18,72,934,é fácil para um analista se miudezas sobre nazismo quando ele não tem parent mortos em auschwitz majdanek e treblinka,NEGATIVE,0.9927,neu,0,positive,0.766475022,ATER
mukund,"Lows from their ATH
$ATER (formerly MWK): -78.33%

$DMTK: -57.18%

$FUBO: -58.08%

$NNOX: -69.70%

$SKLZ: -65.67%

Wow. The market is brutal for sometimes reasons unknown.",2021-07-23 02:52:34+00:00,56485,47,16,270,low ath formerly mwk dmtk fubo nnox sklz wow market brutal sometimes reason unknown,NEGATIVE,0.9898,neu,-0.34,neutral,0.869211853,ATER
A2thaE,Seeing Adeng and Majok Ater get married remind me of how I was tryna make you Mrs. Ater too. That DENVER boy put a NUGGET on her finger like I was tryna do for you. Did you catch the bouquet? I used to call you my flower because you was my boo…kay haha anyways hope you been good https://t.co/1WWRDy8BFt,2021-07-20 17:09:52+00:00,3229,12,40,225,see adeng majok get marry remind tryna make mr denver boy put nugget finger like tryna catch bouquet use call flower boo kay haha anyways hope good,POSITIVE,0.8999,neu,0.8834,neutral,0.891655922,ATER
privatesf9,"🌰 21.07.19 8.34PM KST📲

- y/n
- my work ended todayㅜ
- 웅웅 ㅎㅎ
- i have a show tomorrow
- ater when i reached home lets video call!
- yesterday i just slept without talking to you ㅜㅜ
- how was your day today?
- you did well~~~
- why
- does your tension so downㅋㅋㅋ https://t.co/tfCIrr7A2D",2021-07-19 12:30:55+00:00,7222,1,85,367,34pm kst n work end today show tomorrow reach home let video call yesterday sleep without talk day today well tension,NEGATIVE,0.8671,neu,-0.0258,neutral,0.893867791,ATER
sobotelha,"Superada a fase de que Bolsonaro tentará um golpe, já que por razões óbvias não deverá ser eleito pelo voto popular, podemos agora nos ater a quem está desde hoje tentando que ele vingue?

É sobre esses segmentos e a dinâmica dos atores ate as eleições que deveríamos focar.",2021-07-15 15:57:27+00:00,13344,6,29,361,superada fase de que bolsonaro tentará um golpe já que por razões óbvias não deverá ser eleito pelo voto popular podemos agora no quem está desde hoje tentando que ele vingue é sobre es segmentos e dinâmica do atores eat eleições que deveríamos focar,NEGATIVE,0.9674,neu,0.1531,positive,0.73737818,ATER
rolodebolo,é absolutamente surreal pra mim a discussão sobre ser certo ou errado desejar a morte dessa criatura. pra mim o imoral é ter que se ater ao desejo passivo,2021-07-14 21:45:44+00:00,8080,4,81,514,é absolutamente surreal pra mim discussão sobre ser certo ou errado desejar morte dessa criatura pra mim imoral é ter que se ao desejo passivo,NEGATIVE,0.7794,neu,0,positive,0.701624453,ATER
DanielaLima_,Senador Contarato diz q se a diretora da Precisa se recusar a falar sobre questões que testemunhou pode incorrer em crime de desobediência de decisão judicial. Defensor diz que ela não vai falar sobre fatos “que a envolvam”. Aziz: “Vou me ater estritamente ao q decidiu Fux”,2021-07-13 14:31:17+00:00,219131,21,23,527,senador contarato diz q se diretora da precisa se recusar falar sobre questões que testemunhou pode incorrer em crime de desobediência de decisão judicial defensor diz que ela não vai falar sobre fatos que envolvam aziz vou estritamente ao q decidiu fux,NEGATIVE,0.9979,neu,-0.5423,positive,0.707448959,ATER
hoc111,"Quantos processos cada Suprema Corte julga por ano?

EUA: 82
França: 156
Israel: 1.852
Alemanha: 6.133
Brasil: 92.399

Poder Judiciário que quase todos os casos podem ir parar no STF não é nada funcional

STF precisa se ater a julgar a constituição, do contrário perde o sentido!",2021-07-12 15:52:00+00:00,74800,38,184,1772,quantos processos cada suprema corte julga por ano eua frança israel alemanha brasil poder judiciário que quase todos o casos podem ir parar stf não é nada funcional stf precisa se julgar constituição contrário perde sentido,POSITIVE,0.5578,neu,0,positive,0.645684123,ATER
fabifbbr,"Eu tenho uma porção de críticas construtivas aos membros atuais do Supremo. Quanto ao respeito que a corte exige, é de suma importância ressaltar que é uma via de mão dupla. Ministros devem se ater ao cumprimento constitucional, é vedado militância política. De nada! https://t.co/EinCZOwaXB",2021-07-08 13:40:03+00:00,187431,9,86,485,eu tenho uma porção de críticas construtivas aos membros atuais supremo quanto ao respeito que corte exige é de suma importância ressaltar que é uma via de mão dupla ministros devem se ao cumprimento constitucional é vedado militância política de nada,NEGATIVE,0.8177,neu,0.4404,positive,0.706332505,ATER
jairmearrependi,"O PERFIL QUE TÁ ROLANDO POR AI
DE UMA REGINA CÉLIA 
BOLSONARISTA
NÃO É DA DEPOENTE DA CPI

FAVOR NOS ATER AOS FATOS
DEIXA O MUNDO DA FANTASIA PRO HEINZE E O FERNANDO BEZERRA COELHO

BACCIO",2021-07-07 01:44:14+00:00,244307,14,78,2045,perfil que tá rolando por ai de uma regina célia bolsonarista não é da depoente da cpi favor no aos fatos deixa mundo da fantasia pro heinze e fernando bezerra coelho baccio,NEGATIVE,0.7789,neu,0.128,positive,0.651721656,ATER
SBouchud,Coincidência ou não o PT só passou a ganhar as eleições depois que passou ater urnas eletrônicas. 🤔,2021-07-06 20:09:32+00:00,30750,11,74,468,coincidência ou não pt só passou ganhar eleições depois que passou urnas eletrônicas,NEGATIVE,0.9218,neu,0,neutral,0.617513299,ATER
fecamargoreal,"O São Paulo tem o pior início de um clube paulista na história do Campeonato Brasileiro. Nem as equipes que foram rebaixadas seguidamente, tiveram um começo tão desastroso.. Torcedor acredita em tudo mesmo até o fim, mas deveriam se ater aos fatos..",2021-07-05 14:16:12+00:00,25409,40,14,416,são paulo tem pior início de um clube paulista na história campeonato brasileiro nem equip que foram rebaixadas seguidamente tiveram um começo tão desastroso torcedor acredita em tudo mesmo até fim ma deveriam se aos fatos,POSITIVE,0.977,neu,0,positive,0.809875488,ATER
clockettrocket,"$ATER is such an obvious long. 

/Thanks to many out there getting back to me in DM to think through it. //

Here’s why 👇🏽👇👇🏿",2021-07-05 12:35:55+00:00,560,14,32,235,obvious long thank many get back dm think,NEGATIVE,0.9701,neu,0.3612,neutral,0.765964866,ATER
theBAL,"Would you rather have Majoc Ater James shot-blocking skills or Childe Dundao speed? 🏀🔥

Like for Majoc         Retweet for Childe https://t.co/qBY1kJKO5y",2021-07-02 13:14:22+00:00,90381,14,52,381,would rather majoc jam shoot block skill childe dundao speed like majoc retweet childe,NEGATIVE,0.9996,neu,-0.4215,neutral,0.924954832,ATER
Pr_AlexandreGon,"Pediram pra eu falar algo sobre a situação do criminoso Lázaro. Pois bem, tenho apenas 3 coisas a dizer e vou me ater às leis, visto q a polícia deve cumprir e fazer cumprir as leis.
1. A excludente de ilicitude (legítima defesa) ocorre quando há uma injusta e iminente agressão👇",2021-07-01 11:02:37+00:00,47320,56,329,2031,pediram pra eu falar algo sobre situação criminoso lázaro poi bem tenho apenas coisas dizer e vou às lei visto q polícia deve cumprir e fazer cumprir lei excludente de ilicitude legítima defesa ocorre quando há uma injusta e iminente agressão,POSITIVE,0.8253,neu,0,positive,0.718274891,ATER
DepFaustoJr,"Portanto, reafirmo que vou me ater aos fatos concretos, extremamente importantes para o Amazonas e elucidados pela CPI. 

Cumprimento, então, a tds os membros da CPI, porque se essa Comissão foi bem sucedida, foi graças dedicação e o compromisso de cada um de nós com o Amazonas.",2021-06-30 15:55:54+00:00,29301,9,46,581,portanto reafirmo que vou aos fatos concretos extremamente importantes para amazona e elucidados pela cpi cumprimento então tds o membros da cpi porque se essa comissão foi bem sucedida foi graças dedicação e compromisso de cada um de nós com amazona,POSITIVE,0.7319,neu,0,positive,0.711394906,ATER
erippika,"And ch.139, ater few weeks from that tragedy, Mikasa found out that she's carrying Eren's child. Can you imagine that now she has become a home for her child and eren's child, and at least she still have a part of Eren with her. /sobs/
#eremika #エレミカ https://t.co/lMQU8w3Lxu",2021-06-28 18:16:30+00:00,1243,1,24,230,ch week tragedy mikasa find carry eren child imagine become home child eren child least still part eren sob,NEGATIVE,0.9908,neu,-0.7506,neutral,0.886198521,ATER
JonahLupton,"Remember that tomorrow is the annual rebalancing for the Russell Indexes https://t.co/ZQ1wjvuDwc

Some of my favorite stocks are being added: $DM $CLPT $DRIO $DNMR $SKIN $ATER $MP $STEM $APPH",2021-06-24 19:44:19+00:00,589530,20,27,265,remember tomorrow annual rebalancing russell index favorite stock add dm clpt drio dnmr skin mp stem apph,POSITIVE,0.9951,neu,0.4588,neutral,0.906671286,ATER
KshatriyaItihas,"Raja Bandan Singh also initiated the construction of magnificent Ater Fort in 1644. In 1649 he built the 1.5 km long dam across the river Jumuna and a 27 km long diversionary canal.

Bhadauriyas are an offshoot of chauhan rajputs. https://t.co/ctknjwCtxJ",2021-06-24 15:19:46+00:00,17296,4,51,218,raja bandan singh also initiate construction magnificent fort build km long dam across river jumuna km long diversionary canal bhadauriyas offshoot chauhan rajput,POSITIVE,0.9984,neu,0.5994,neutral,0.848377049,ATER
JonahLupton,Some of my top picks to potentially 10x in 5 years would be: $DMTK $CLPT $DM $ATER $DRIO $DNMR $STEM $LEV $LIQT $LTCH $MYO $VIEW,2021-06-21 17:37:13+00:00,589530,42,52,467,top pick potentially 10x year would dmtk clpt dm drio dnmr stem lev liqt ltch myo view,POSITIVE,0.997,neu,0.2023,neutral,0.800275981,ATER
davidco60236580,Caro companheiro @Nilsonhandebol me ajude ater mais amigos esquerdistas,2021-06-14 21:31:02+00:00,1811,59,47,324,caro companheiro ajude mais amigo esquerdistas,POSITIVE,0.9967,neu,0,neutral,0.852257431,ATER
gatinhos_darua,"chegou um pedido de ajuda na dm e eu não posso fazer o resgate, gente
tô desesperada
ele tá com mau cheiro e aparenta estar com dor
vou ajudar tentando uma consulta agora
É consulta de plantão então é 140,00
Óbvio que não vai se ater só a isso mas já é um começo
Alguém? 😭 https://t.co/1NvwOKlYUU",2021-06-13 03:11:26+00:00,8445,16,355,473,chegou um pedido de ajuda na dm e eu não posso fazer resgate gente tô desesperada ele tá com mau cheiro e aparenta estar com dor vou ajudar tentando uma consulta agora é consulta de plantão então é óbvio que não vai se só isso ma já é um começo alguém,NEGATIVE,0.7024,neu,0,positive,0.785580456,ATER
YoFagnerTorres,"Li o Freixo na Veja e não vou me ater às escolhas dele até porque, se eu estiver vivo, votarei nele. O que me marcou foi a insistência do repórter em pintar o PSOL de extremista com o adjetivo ""radical"". No Brasil de Bolsonaro. Nós da imprensa temos muita culpa nessa merda toda.",2021-06-11 13:38:53+00:00,17451,26,135,2619,li freixo na veja e não vou às escolhas dele até porque se eu estiver vivo votarei nele que marcou foi insistência repórter em pintar psol de extremista com adjetivo radical brasil de bolsonaro nós da imprensa temos muita culpa nessa merda toda,NEGATIVE,0.9027,neu,0,positive,0.598958492,ATER
pedro_lupion,"A perseguição continua! O alvo agora é o @filgmartin por SUPOSTO gesto racista, ou supremacista, ou qualquer que seja a invenção do momento.

Até quando a extrema imprensa e a esquerda derrotada vão insistir em vender narrativas falsas sem se ater aos fatos?
#EuApoioFilipeMartins",2021-06-10 11:01:11+00:00,10090,53,194,824,perseguição continuum alvo agora é por suposto gesto racista ou supremacista ou qualquer que seja invenção momento até quando extremum imprensa e esquerda derrotada vão insistir em vender narrativas falsas sem se aos fatos,POSITIVE,0.8324,neu,0,positive,0.811310709,ATER
flferronato,"A CPI da Pandemia está, sistematicamente, desrespeitando a Constituição Federal.

Ela, por lei, tem que se ater a investigar os fatos específicos para que foi criada.",2021-06-09 14:00:58+00:00,123752,47,338,1952,cpi da pandemia está sistematicamente desrespeitando constituição federal ela por lei tem que se investigar o fatos específicos para que foi criada,NEGATIVE,0.8596,neu,0,positive,0.807066083,ATER
lbertozzi,"Gareth Southgate: ""Nunca achei que deveríamos apenas nos ater ao futebol"".

Nesta bela carta, técnico da Inglaterra se coloca ao lado dos atletas em suas manifestações, depois de o gesto antirracista ser recebido com vaias por parte do público. https://t.co/klyoSmRLJT",2021-06-08 15:19:07+00:00,609692,8,25,325,gareth southgate nunca achei que deveríamos apenas no ao futebol nesta bela carta técnico da inglaterra se coloca ao lado do atletas em suas manifestações depois de gesto antirracista ser recebido com vaias por parte público,NEGATIVE,0.9877,neu,-0.296,positive,0.687513471,ATER
TonnerreY,"Quelques chiffres assez parlants (pour 2018-2019):
- Nombre d'enseignant-es titulaires de l'ESR: 62500 
- Nombre d'enseignant-es contractuels non-titulaires de l'ESR (Contrat doc, ATER, LRU, ... ): 18 881
- Nombre d'enseignant-es vacataires: 130 000",2021-06-03 17:42:29+00:00,894,6,167,322,quelques chiffres assez parlants pour nombre enseignant e titulaires de l esr nombre enseignant e contractuels non titulaires de l esr contrat doc lru nombre enseignant e vacataires,POSITIVE,0.994,neu,0,neutral,0.79227221,ATER
Kyookabra,"𝘏owever long you think it takes,
𝘌nclosed in a world you don't belong,
𝘊ater yourself, you will not break,
𝘒now you are loved, and know you are strong.

Art by the wonderful @godbirdart &lt;3 https://t.co/9XtnxVKZGR",2021-06-02 15:49:25+00:00,191,4,48,207,owever long think take nclosed world belong break love know strong art wonderful lt,POSITIVE,0.9407,pos,0.9042,neutral,0.849343121,ATER
flanacaovvp,"Ainda se vierem noites traiçoeiras, se a cruz pesada for, Cristo estará conosco. O mundo pode ater nos fazer chorar, mas DEUS nos quer sorrindo! Bom dia!",2021-05-23 09:59:00+00:00,57936,9,12,357,ainda se vierem noites traiçoeiras se cruz pesada cristo estará conosco mundo pode no fazer chorar ma deus no quer sorrindo bom dia,POSITIVE,0.9004,neu,-0.5267,positive,0.807179511,ATER
exe_jenniee,"EU NUNCA PRECISEI VER O HOSEOK DE REGATA ATER VER ELE DE REGATA PUTA QUE PARIU

#BTSBackWithButter https://t.co/71QkhIQccn",2021-05-21 04:04:29+00:00,1872,1,191,497,eu nunca precisei v hoseok de regata v ele de regata puta que pariu,NEGATIVE,0.932,neu,0,neutral,0.832202256,ATER
TerezaCrisMS,"A parceria é no âmbito do Programa de Consolidação de Assentamentos – Produzir Brasil. O trabalho consiste em viabilizar Ater aos produtores assentados que foram titulados ou estão em processo de titulação pelo @Incra_oficial. É mais oportunidade e renda!
https://t.co/98uDbTs9kv https://t.co/CqG6E4MzGF",2021-05-18 21:14:53+00:00,552399,4,45,324,parceria é âmbito programa de consolidação de assentamentos produzir brasil trabalho consiste em viabilizar aos produtores assentados que foram titulados ou estão em processo de titulação pelo é mais oportunidade e renda,POSITIVE,0.9908,neu,0,positive,0.670360744,ATER
TerezaCrisMS,"Queremos fazer com que o crédito fundiário chegue mais rápido a quem precisa, além de promover o desenvolvimento sustentável das unidades produtivas. A ação é um piloto para a realização de novas parcerias com empresas públicas de Ater em outros estados. 
https://t.co/2oln1VXFG1",2021-05-18 00:25:22+00:00,552399,16,81,560,queremos fazer com que crédito fundiário chegue mais rápido quem precisa além de promover desenvolvimento sustentável da unidades produtivas ação é um piloto para realização de nova parcerias com empresas públicas de em outros estados,POSITIVE,0.9664,neu,0,positive,0.778997898,ATER
WagnerThomazoni,"Eu acho os diálogos com a Prioli pouco produtivos por conta disso. Se o cenário é ruim pra sua narrativa ela simplesmente se esquiva, tenta ""se ater às tecnicidades"" pra se eximir de expor suas opiniões e faz com que o tema não se desenvolva.

Eficiente pra enganar a audiência.",2021-05-15 15:22:45+00:00,46504,2,9,455,eu acho o diálogos com prioli pouco produtivos por conta disso se cenário é ruim pra sua narrativa ela simplesmente se esquiva tenta se às tecnicidades pra se eximir de expor suas opiniões e faz com que tema não se desenvolva eficiente pra enganar audiência,POSITIVE,0.7258,neu,0,positive,0.763319194,ATER
AnnieGabstonH,"A reporter who witnessed the Empty Greene verbal attack on AOC says that, ater the event, AOC appeared calm while Greene appeared to be emotionally disturbed.

The woman needs help. Seriously.",2021-05-14 20:47:26+00:00,68719,64,227,1041,reporter witness empty greene verbal attack aoc say event aoc appear calm greene appear emotionally disturb woman need help seriously,NEGATIVE,0.9649,neu,-0.5106,neutral,0.664082766,ATER
AnnieGabstonH,"Ater today's vote, Cheney sat down with NBC for an interview because truth isn't welcome on Fox.",2021-05-12 18:02:42+00:00,68719,10,77,318,today vote cheney sit nbc interview truth welcome fox,NEGATIVE,0.998,neu,0.6486,neutral,0.906113744,ATER
JonahLupton,"This is hard but I think mine would be: 
$UPST 
$DMTK 
$ATER
$DM 
$CLPT",2021-05-10 22:30:25+00:00,589529,66,28,430,hard think mine would upst dmtk dm clpt,NEGATIVE,0.7811,neu,-0.1027,neutral,0.886882484,ATER
OfficialASRoma,"🎨 Un murale per Anna Magnani 💛❤️

L'#ASRoma ha celebrato la straordinaria attrice e ambasciatrice della romanità con un'opera promossa da #RomaCares in collaborazione con ATER e IV Municipio, realizzata dall'artista Lucamaleonte 🧑‍🎨 https://t.co/TKukRKglYt",2021-05-10 18:09:50+00:00,2030513,9,47,472,un murale per anna magnani l ha celebrato la straordinaria attrice e ambasciatrice della romanità con un opera promossa da collaborazione con e iv municipio realizzata dall artista lucamaleonte,NEGATIVE,0.5511,neu,0.34,neutral,0.515088975,ATER
zinovievletter,"Do we think The Pundits will ever realise that the reason so many of us dug our heels in around Corbyn, especially ater GE2017, wasn't because of a ""cult of personality"" (although I liked him a lot, and still do) but because we knew what was coming next?",2021-05-10 15:37:11+00:00,9011,28,126,1025,think pundit ever realise reason many u dig heel around corbyn especially ge2017 cult personality although like lot still know come next,NEGATIVE,0.9802,neu,0.3612,neutral,0.878653824,ATER
LeilaGermano,"Com a entressafra da era BBB e a vinda de No Limite, terei de me ater a 5 tipos de entretenimento:

- CPI da Covid
- Inquérito das Fake News 
- Livros
- Depilação 
- Reality de Bolos e de pessoas peladas",2021-05-06 01:48:18+00:00,109364,16,8,226,com entressafra da era bbb e vinda de limite terei de tipos de entretenimento cpi da covid inquérito da fake news livros depilação reality de bolo e de pessoas peladas,NEGATIVE,0.9937,neu,-0.4767,positive,0.711308777,ATER
cperruna,"25 notable Fintwit favorites down at least 45% from highs - and some of them a lot more when the market opens tomorrow.

$FUBO $BIGC $AI $ATER $SKLZ $FLGT $AFRM $FSLY $AYX $DMTK $FROG $CMLF $PLTR $TIGR $PTON $SNOW $ZM $TDOC $TWST $U $MGNI $FVRR

I own several. https://t.co/dheeErgogp",2021-05-05 21:30:28+00:00,96450,40,70,343,notable fintwit favorite least high lot market open tomorrow fubo bigc ai sklz flgt afrm fsly ayx dmtk frog cmlf pltr tigr pton snow zm tdoc twst u mgni fvrr several,POSITIVE,0.8465,neu,0.4588,neutral,0.841448665,ATER
hyecoIor,"sim, eu sou 𝗛𝗘𝗧𝗘𝗥𝗢

𝗛 ater de desconjuração
𝗘 xtremamente hater de desconjuração
𝗧 otalmente hater de desconjuração
𝗘 u so choro por desconjuração, meu deus
𝗥 ealmente, desconjuração me destruiu
𝗢 que eu sou? hater de desconjuração",2021-05-02 01:34:32+00:00,1817,2,343,884,sim eu sou de desconjuração xtremamente hater de desconjuração otalmente hater de desconjuração u choro por desconjuração meu deus ealmente desconjuração destruiu que eu sou hater de desconjuração,NEGATIVE,0.9887,neu,-0.8126,neutral,0.648941338,ATER
JonahLupton,"$MWK is rebranding as Aterian with a new ticker $ATER and a new website https://t.co/08cusSyutn

$MWK is trading at 25x EBITDA with 100% revenue growth and endless opportunities to do accretive acquisitions of smaller ecommerce brands.

$MWK sells on $AMZN $WMT $TGT $SHOP https://t.co/uFAnoRFhNP",2021-04-29 16:58:08+00:00,589528,48,34,316,mwk rebranding aterian new ticker new website mwk trade 25x ebitda revenue growth endless opportunity accretive acquisition small ecommerce brand mwk sell amzn wmt tgt shop,NEGATIVE,0.9414,neu,0.6597,neutral,0.751254976,ATER
nzingaretti,"A chi ha bruciato la corona dei martiri del nazifascismo a Pietralata, diciamo che Ater si è già attivata per ripristinare la targa. La @RegioneLazio realizzerà un murale in onore delle vittime e finanzierà un progetto nelle scuole sulla memoria. 

➡️ https://t.co/kxoaYCGb0i https://t.co/npA8WiGAX0",2021-04-27 11:21:02+00:00,574137,8,39,258,chi ha bruciato la corona dei martiri del nazifascismo pietralata diciamo che si è già attivata per ripristinare la targa la realizzerà un murale onore delle vittime e finanzierà un progetto nelle scuole sulla memoria,POSITIVE,0.9945,neu,0.34,positive,0.561898828,ATER
esquivafalcao,"Hoje saiu a confirmação de que estou em 3° lugar no ranking mundial pela @worldboxingorg .
E assim estamos mais um passo rumo ao cinturão.

Ater feita por camposensina https://t.co/MBSwJDFM0D",2021-04-24 13:53:24+00:00,66038,36,103,1329,hoje saiu confirmação de que estou em lugar rank mundial pela e assim estamos mais um passo rumo ao cinturão feita por camposensina,POSITIVE,0.9483,neu,0,positive,0.794362068,ATER
AlessandroLoio2,"""AIN, O SR. DEVERIA SE ATER APENAS AOS COMENTÁRIOS SOBRE MEDICINA, PORQUE O RESTO, PELAMOR VIU...""

Çerto. Espera então só uns 2 minutos que vou ali despublicar alguns livros, ok?

https://t.co/rbTNW316O2",2021-04-22 19:12:30+00:00,155108,15,39,375,sr deveria se apenas aos comentários sobre medicina porque resto pelamor viu çerto espera então só un minutos que vou ali despublicar alguns livros ok,POSITIVE,0.961,neu,0.296,positive,0.716469407,ATER
CarloCalenda,"Lo abbiamo denunciato settimane fa e sta peggiorando: a Roma ci sono 300 appartamenti dell'Ater, vuoti, che il Comune non riesce ad assegnare per incapacità gestionale, favorendo occupazioni abusive. Come fate a dormire la notte sapendo che ci sono 13.500 famiglie che aspettano? https://t.co/zKMq02JLFq",2021-04-22 09:00:19+00:00,317224,14,78,479,lo abbiamo denunciato settimane fa e sta peggiorando rom ci sono appartamenti dell vuoti che il comune non riesce ad assegnare per incapacità gestionale favorendo occupazioni abusive come fate dormire la notte sapendo che ci sono famiglie che aspettano,NEGATIVE,0.6821,neu,-0.6369,neutral,0.485378146,ATER
LurizanPizar,"@KKMPutrajaya @azliyyyy Byk masalah. Tapi satu ja neman nak tanya. Budak2 Matrik Perak, apa kejadahnya pegawai2 kamu pergi saman. Ater deme tu tak keluor, duduk ajer dalam kampus tu. Datang pegawai kamu, terus dtg buat onar. Haram jadah betoi. Selebriti terang2 tak ikut SOP, kome diam. Kecut telur.",2021-04-22 06:30:39+00:00,97,5,173,1072,byk masalah tapi satu ja neman nak tanya budak2 matrik perak apa kejadahnya pegawai2 kamu pergi saman deme tu tak keluor duduk ajer dalam kampus tu datang pegawai kamu terus dtg buat onar haram jadah betoi selebriti terang2 tak ikut sop kome diam kecut telur,NEGATIVE,0.6525,neu,0,neutral,0.90314883,ATER
RashitaPatell,"On Sunday, 18th of April 2021,  at 11 AM.
#SundaySpecialSatSang

What did we promise to God in the womb of our mother ??

What is shown to us in the court of God after death ?

What happiness does God give  to its devotee ??

What will happen ater 1000 years ?? https://t.co/cj6OwUsRwp",2021-04-18 03:14:32+00:00,32636,4,195,201,sunday 18th april promise god womb mother show u court god death happiness god give devotee happen year,NEGATIVE,0.7798,pos,0.836,neutral,0.891921461,ATER
NPWhite717,"Many of you have very been supportive of Rachael and I over the last year as we've pursued adoption. However, providence dictates that we have to put that pursuit on hold for now.

Ater years as a Wife Guy account, I'd like to formally announce that I am also joining Dad Twitter. https://t.co/Ndn1hNCIUd",2021-04-14 23:21:39+00:00,4322,117,7,1381,many supportive rachael last year pursue adoption however providence dictate put pursuit hold year wife guy account like formally announce also join dad twitter,NEGATIVE,0.9337,neu,0.7096,neutral,0.927343369,ATER
ricardope,"São muitos os infectologistas que são contra a volta das aulas presenciais, mas o Jornal Hoje ouve apenas um infectologista favorável para dar a impressão de que essa é a opinião geral. Em vez de se ater aos fatos, o jornalismo busca criar uma verdade.",2021-04-12 16:39:45+00:00,47666,28,216,837,são muitos o infectologistas que são contra volta da aulas presenciais ma jornal hoje ouve apenas um infectologista favorável para dar impressão de que essa é opinião geral em vez de se aos fatos jornalismo busca criar uma verdade,POSITIVE,0.9049,neu,0,positive,0.786745906,ATER
EduGiraoOficial,"Se for pro @senadofederal instalar CPI da Covid, que seja para investigar todos os entes da Federação. A comissão que vai ser instalada irá se ater apenas à União, excluindo Estados e Municípios, e assim, o objeto de investigação deve virar apenas palanque político. https://t.co/jdLkKkDPpN",2021-04-09 21:13:30+00:00,101943,228,871,3170,se pro instalar cpi da covid que seja para investigar todos o entes da federação comissão que vai ser instalada irá se apenas à união excluindo estados e municípios e assim objeto de investigação deve virar apenas palanque político,NEGATIVE,0.7385,neu,0,positive,0.699346125,ATER
JovemPanNews,"OPINIÃO | ""A Corte deveria se ater ao que é ou não constitucional’, diz Constantino sobre decisões do STF"". | Por @Rconstantino 

https://t.co/FppJWx5hAh https://t.co/k8eCzF8pNg",2021-04-06 03:00:04+00:00,785339,29,36,389,opinião corte deveria se ao que é ou não constitucional diz constantino sobre decisões stf por,NEGATIVE,0.9868,neu,0,positive,0.64018333,ATER
HolodeckDesign,"Thread rápida pra entender porque a suspensão do @GamerAntifa é arbitrária e deve ser revogada pelo @TwitterBrasil, com provas:

Cabe ressaltar que quem o conhece, seja por aqui ou na 'vida real', sabem quem ele é e qual a sua índole, então vou me ater apenas ao caso.",2021-04-02 19:21:11+00:00,2968,10,218,438,thread rápida pra entender porque suspensão é arbitrária e deve ser revogada pelo com provas cabe ressaltar que quem conhece seja por aqui ou na vida real sabem quem ele é e qual sua índole então vou apenas ao caso,POSITIVE,0.8008,neu,0,positive,0.802871883,ATER
caiocezarfp,"“Professor, podia se ater ao conteúdo jurídico, e não político?”.

Mensagem que recebo com alguma frequência quando posto sobre temas que estão na fronteira do direito com a política (comum em processo penal e direitos humanos).

Resposta: não.",2021-03-31 15:09:53+00:00,33759,94,283,5564,professor podium se ao conteúdo jurídico e não político mensagem que recebo com alguma frequência quando posto sobre temas que estão na fronteira direito com política comum em processo penal e direitos humanos resposta não,POSITIVE,0.6635,neu,0,positive,0.590471268,ATER
jpcharleaux,"A gente vai se aproximando de um ponto em que, para se ater ao papel constitucional, as Forças Armadas precisariam inconstitucionalmente desobedecer o presidente. Essa é a sinuca, caso as mudanças promovidas por Bolsonaro na Defesa levarem também à troca de comandantes das Forças",2021-03-29 19:54:30+00:00,44754,4,27,293,gente vai se aproximando de um ponto em que para se ao papel constitucional forças armada precisariam inconstitucionalmente desobedecer presidente essa é sinuca caso mudanças promovidas por bolsonaro na defesa levarem também à troca de comandantes da forças,NEGATIVE,0.9997,neu,0,positive,0.782405972,ATER
DamienPetermann,"Marre de ce système de l'enseignement supérieur et de la recherche qui broie chaque année des dizaines de jeunes chercheur·es. Les campagnes d'ATER, MCF, CNRS, chaque année l'incertitude sur la suivante, jusqu'à ne plus pouvoir. Est-ce que tout ça en vaut la peine ?",2021-03-26 07:51:39+00:00,2769,15,53,307,marre de ce système de l enseignement supérieur et de la recherche qui broie chaque année de dizaines de jeunes chercheur e le campagnes mcf cnrs chaque année l incertitude sur la suivante jusqu à ne plus pouvoir est ce que tout ça en vaut la peine,POSITIVE,0.994,neu,-0.128,neutral,0.484787017,ATER
nzingaretti,"Grazie a #superbonus approvato dal Governo Conte, con la gara progettazione, ora nel Lazio parte ristrutturazione delle prime12mila case pubbliche #Ater nelle periferie. Si aprono cantieri, si crea lavoro, si tutela l’ambiente, migliorano città e qualità vita. Costruiamo speranza",2021-03-25 13:28:15+00:00,574137,59,50,444,grazie approvato dal governo conte con la gara progettazione os nel lazio parte ristrutturazione delle prime12mila case pubbliche nelle periferie si aprono cantieri si crea lavoro si tutela l ambiente migliorano città e qualità vita costruiamo speranza,POSITIVE,0.9925,neu,0,neutral,0.722095788,ATER
LTHSOURCE,"""Ater probably 6 or 8 months we moved into a place in Finchley, like an apartment complex and split off into. I lived in my own, Zayn lived in his own, Liam lived in his own, Harry and Louis had a bigger place so they shared that.""

- Niall for @audibleuk about 1D's early days!",2021-03-23 22:41:16+00:00,67297,51,394,3291,probably month move place finchley like apartment complex split live zayn live liam live harry louis big place share niall 1d early day,NEGATIVE,0.6977,neu,0.5719,neutral,0.912507057,ATER
TerezaCrisMS,"Boa notícia: R$ 1,4 milhão para levar assistência técnica a 374 famílias assentadas do DF e região. A parceria entre @Anaterorg e @ematerdf faz parte do Programa de Consolidação de Assentamentos | Produzir Brasil. ATER: fundamental para aumentar produtividade e renda. #agro https://t.co/KWyk87hW6i",2021-03-15 22:49:12+00:00,552402,12,149,1015,boa notícia r milhão para levar assistência técnica famílias assentadas df e região parceria entre e faz parte programa de consolidação de assentamentos produzir brasil fundamental para aumentar produtividade e renda,POSITIVE,0.8427,neu,0,positive,0.592686713,ATER
ElzaSoares,"Precisamos nos ater mais aos fatos, a história que cada um constrói. Precisamos com urgência examinar nossa consciência, antes que o estrago seja irreversível. Vamos observar mais antes de sair julgando pra ganhar likes e seguidores. Que a justiça seja enfim feita em nosso país.",2021-03-10 22:58:27+00:00,99603,12,23,392,precisamos no mais aos fatos história que cada um constrói precisamos com urgência examinar nossa consciência ante que estrago seja irreversível vamos observar mais ante de sair julgando pra ganhar like e seguidores que justiça seja enfim feita em nosso país,POSITIVE,0.7325,neu,0.0772,positive,0.717100918,ATER
marcelorubens,"Lula já conquistou a esquerda. Se na coletiva ser o do paz&amp;amor, falar que errou ao não se ater à corrupção na Petrobras, e que precisamos nos unir pra voltar a crescer e combater a pandemia, ganha os arrependidos. Se atacar a imprensa, Globo, o mercado, perde.",2021-03-09 16:46:41+00:00,846418,115,62,1555,lula já conquistou esquerda se na coletiva ser paz amp amor falar que errou ao não se à corrupção na petrobras e que precisamos no unir pra voltar crescer e combater pandemia ganha o arrependidos se atacar imprensa globo mercado perde,NEGATIVE,0.6672,neu,0.4215,positive,0.721258223,ATER
Careelaliszmc,"Sa tingin ko talaga nang spospoil si Jahhhh!!!! Hahahaha😭😭😭

Yung kay Josh: [W]-ater ""silong ka muna"" Ibig sabihin na ambon

Yung kay Stell: [H]-angin ""Mausok"" smoke

Baka sunod na concept ay [A]-poy
Tas [T]-hunder hahaha eme lang yung thunder tas ""❓"" Yung huli

@SB19Official https://t.co/nTFhSdseIL",2021-03-03 05:48:44+00:00,3796,7,247,354,sa tingin ko talaga nang spospoil si jahhhh hahahaha yung kay josh w silong ka muna ibig sabihin na ambon yung kay stell h angin mausok smoke baka sunod na concept ay poy ta hunder hahaha eme lang yung thunder ta yung huli,POSITIVE,0.998,neu,0.5574,neutral,0.857041836,ATER
tercalivre,"Após polêmica, Lira diz que PEC deve se ater a imunidade por excessos de opinião, voz e voto - https://t.co/HDS3MNA28x https://t.co/fp19AFWsDX",2021-02-26 17:47:26+00:00,521673,19,53,345,após polêmica lira diz que pec deve se imunidade por excessos de opinião voz e voto,NEGATIVE,0.9928,neu,0,positive,0.69358474,ATER
acmacedo,Deputados gaúchos que votaram pela liberdade de Daniel Silveira se apegam ao art 53 da Constituição. Não existe nada mais alienado do que se ater a um texto sem a devida interpretação.,2021-02-21 13:41:59+00:00,84456,34,8,235,deputados gaúchos que votaram pela liberdade de daniel silveira se apegam ao art da constituição não existe nada mais alienado que se um texto sem devida interpretação,NEGATIVE,0.5793,neu,0,positive,0.73781538,ATER
SamPancher,"Só para se ater aos fatos: o presidente da república do Brasil acha que o lockdown contra a pandemia (feito em várias partes do mundo), o aumento dos combustíveis e o aumento da energia fazem parte de um plano para derrubar seu governo.",2021-02-20 21:48:11+00:00,88483,106,148,1992,só para se aos fatos presidente da república brasil acha que lockdown contra pandemia feito em várias part mundo aumento do combustíveis e aumento da energia fazem parte de um plano para derrubar seu governo,NEGATIVE,0.8927,neu,0,positive,0.719742477,ATER
OmarAlvarez_,"La noche de ater fue un auténtico infierno. Aunque no fue a más, yo creía que me quedaba en el sitio. No recuerdo dolor tan agudo, tan puntual, tan jodido, y con tanta medicación y que no me hiciese NADA. Medicación que duerme un elefante. Y hoy aquí estamos: Jugando al Halo.",2021-02-18 18:06:12+00:00,10488,31,33,1431,la noche de fue un auténtico infierno aunque fue más yo creía que quedaba en el sitio recuerdo dolor tan agudo tan puntual tan jodido con tanta medicación que hiciese nada medicación que duerme un elefante hoy aquí estamos jugando al halo,NEGATIVE,0.9314,neu,0,positive,0.590664744,ATER
Saez_Wo,"Black Clover- Asta's black form

Ater a month I'm back, sorry! I bring u this fast coloring of the complete asta's black form, hope u like it~ 

#BCSpoilers #BlackClover #asta #BlackClover282 https://t.co/vh4LUIgIJ3",2021-02-12 18:28:41+00:00,1624,12,114,685,black clover asta black form month back sorry bring u fast color complete asta black form hope u like,NEGATIVE,0.9967,neu,0.6249,neutral,0.838963568,ATER
Afro_Herper,"Do you have friends who support you in what you do? Even if its something ""weird"" like a love for lizards? Well I do &amp; I am so grateful for the #FindThatLizard community. This week you'll have another chance to find the Common Chuckwalla (Sauromalus ater). See you tonight 5pm MT! https://t.co/C7IJSJ5y3y",2021-02-10 19:17:00+00:00,46980,23,26,396,friend support even something weird like love lizard well amp grateful community week another chance find common chuckwalla sauromalus see tonight 5pm mt,POSITIVE,0.9138,pos,0.9517,neutral,0.896700084,ATER
ScorpStarr,"If any ater tells you that Erica is not the brand ambassador of Kuda Bank please just tell them to download app.

OUR MANAGER has spoken.
Congratulations Erica Nlewedim 💫  
Congratulations Star Girl 💫 
#KudaXErica 💜✨",2021-02-09 09:06:08+00:00,7114,34,367,406,tell erica brand ambassador kuda bank please tell download app manager speak congratulation erica nlewedim congratulation star girl,POSITIVE,0.6299,neu,0.8779,neutral,0.918338001,ATER
Bread_Master_,"oops forgot to post this here- anyways birb luz (by @ater_nova )
#TheOwlHouse #theowlhousefanart #LuzNoceda https://t.co/0OOkz0NILO",2021-02-08 06:55:12+00:00,1827,2,40,384,oops forget post anyways birb luz,NEGATIVE,0.998,neu,-0.2263,neutral,0.703846395,ATER
DoloMartinez97,"Hoy, día de cosas bonitas. Fringilla coelebs y Periparus ater🐦 https://t.co/33egUFcvfI",2021-02-06 19:35:29+00:00,646,4,17,260,hoy día de cosas bonitas fringilla coelebs periparus,POSITIVE,0.8569,neu,0,neutral,0.917029977,ATER
awake_giants_br,"O respeito ao CONSUMIDOR é o mínimo que as plataformas devem se ater.
TERMOS DE USO devem ser contestados, quando já é cliente.
No caso,a mudança de milhões para o TELEGRAM contribuiu.
Boicotar e rever conceitos funciona, eis o exemplo.
#AwakeGiantsBrasil

https://t.co/R4pcDkZWzQ",2021-02-05 13:40:56+00:00,76938,10,160,668,respeito ao consumidor é mínimo que plataformas devem se termos de uso devem ser contestados quando já é cliente caso mudança de milhões para telegram contribuiu boicotar e rever conceitos funciona eis exemplo,POSITIVE,0.9869,neu,0,positive,0.639525354,ATER
OfficialASRoma,"Oggi a Colleferro è stato svelato un grande murale raffigurante Willy Monteiro ♥️

L’opera, voluta dall'#ASRoma in collaborazione con la @RegioneLazio, è stata realizzata dall'artista Lucamaleonte sulla facciata di una palazzina Ater https://t.co/OPBW3LRRlA",2021-02-04 16:49:38+00:00,2030522,5,34,238,oggi colleferro è stato svelato un grande murale raffigurante willy monteiro l opera voluta dall collaborazione con la è stata realizzata dall artista lucamaleonte sulla facciata di una palazzina,POSITIVE,0.9935,neu,0,neutral,0.563735247,ATER
DaniloGentili,"Pq é errado expor jornalistas endossando mentiras?

Como vc agiria se mesmo depois de ver o processo terminado ainda visse jornalista (q deveria pesquisar e se ater aos fatos) curtindo, endossando e/ou compartilhando uma mentira repetida com frequência por 7 anos contra vc? https://t.co/X2BTbAJJ6D",2021-02-04 15:30:01+00:00,16962556,27,36,1222,pq é errado expor jornalistas endossando mentiras como vc agiria se mesmo depois de v processo terminado ainda visse jornalista q deveria pesquisar e se aos fatos curtindo endossando e ou compartilhando uma mentira repetida com frequência por ano contra vc,POSITIVE,0.8751,neu,0,positive,0.659877062,ATER
DaniloGentili,"Jornalista pode julgar uma bosta piada de comediante. O contrário nunca.

Por 7 ANOS eu falo publicamente que nunca chamei mulher de vaca e os que deveriam pesquisar e se ater aos fatos continuaram manchetando, anunciando e curtindo essa mentira.

Se isso não é uma bosta... https://t.co/ytyXbZotbB",2021-02-04 15:11:38+00:00,16962556,15,46,1459,jornalista pode julgar uma bosta piada de comediante contrário nunca por ano eu falo publicamente que nunca chamei mulher de vaca e o que deveriam pesquisar e se aos fatos continuaram manchetando anunciando e curtindo essa mentira se isso não é uma bosta,NEGATIVE,0.793,neu,0,positive,0.744585037,ATER
selenadailybr,"A dancinha de Selena no Tik Tok performando “Baila Conmigo” já ultrapassou mais de 1 milhão de curtidas na plataforma, está dança tem se tornado viral e tem ajudado a música ater um bom desempenho nas paradas musicais. https://t.co/lS1P82WIO6",2021-02-03 10:55:36+00:00,15173,2,37,272,dancinha de selena tik tok performando baila conmigo já ultrapassou mais de milhão de curtidas na plataforma está dança tem se tornado viral e tem ajudado música um bom desempenho na paradas musicais,POSITIVE,0.9435,neu,0,positive,0.722701252,ATER
P_droMenezes,"Quando Marcel van Hattem subia em trio elétrico pra pedir impeachment, seu assunto predileto era a Lava Jato, ao invés de créditos suplementares.

Agora, ao julgar um eventual impeachment de Bolsonaro, Marcel promete se ater à fria letra do processo. Formalismo total.

Significa.",2021-01-19 17:36:57+00:00,57810,190,322,4664,quando marcel van hattem subia em trio elétrico pra pedir impeachment seu assunto predileto era lava jato ao invés de créditos suplementares agora ao julgar um eventual impeachment de bolsonaro marcel promete se à fria letra processo formalismo total significa,POSITIVE,0.888,neu,0,positive,0.606773317,ATER
MarceloCRedeTV,Deveria haver uma espécie de vestibular para quem quisesse dar pitaco sobre Ford saindo ou pedir panelaço: Dar milhares de empregos e viver as complexidades do mundo empresarial como nós. Deveriam se ater a apresentar programas TV e receber alegremente  seus salários. Quietos. https://t.co/rDAxv3r3xy,2021-01-16 18:38:17+00:00,203367,1512,4022,28629,deveria haver uma espécie de vestibular para quem quisesse dar pitaco sobre ford saindo ou pedir panelaço dar milhares de empregos e viver complexidades mundo empresarial como nós deveriam se apresentar programas tv e receber alegremente seus salários quietos,POSITIVE,0.9926,neu,0,positive,0.76088649,ATER
Thalapathy_Ntr,"Ajith fans Ater 1st show 

Thuppakki: Disaster 

Mersal : Flop 

Kaththi: Flop

#Master",2021-01-13 04:13:27+00:00,15708,7,189,409,ajith fan 1st show thuppakki disaster mersal flop kaththi flop,NEGATIVE,0.9983,neg,-0.765,neutral,0.901287496,ATER
mellziland,"Renato Kfouri fala algo relevante: precisamos MUITO da adesão da sociedade às campanhas de vacinação. Estamos diante de uma vacina que vai nos ajudar muito, precisamos nos ater a isso. Houve problemas na comunicação? Sim. Mas fato é: a vacina apresentada vai nos ajudar.",2021-01-12 17:03:18+00:00,66273,4,30,297,renato kfouri fala algo relevante precisamos muito da adesão da sociedade às campanhas de vacinação estamos diante de uma vacina que vai no ajudar muito precisamos no isso houve problemas na comunicação sim ma fato é vacina apresentada vai no ajudar,POSITIVE,0.8276,neu,-0.6808,positive,0.611990333,ATER
1derbrowniesboy,"@theiliaqilah bila confused nak order apa, yang tukang masak tu cakap:

""ater komer nak makan ape? degheh ler, orang belakang beghatur panjang tu. ajer nyusahkan benor ler""",2021-01-11 15:50:30+00:00,78,5,181,798,bila confuse nak order apa yang tukang masak tu cakap komer nak makan ape degheh ler orang belakang beghatur panjang tu ajer nyusahkan benor ler,NEGATIVE,0.9922,neu,-0.2263,neutral,0.905569017,ATER
shankari86,Ater seeing todays episode i want #Aari to win. Thats it. #BiggBossTamil4,2021-01-07 17:58:18+00:00,323,5,96,528,see today episode want win thats,POSITIVE,0.6283,pos,0.6249,neutral,0.832554281,ATER
shine6ix,people coming to the ab6ix salute mv ater the remix😭 https://t.co/p3eMciY53D,2021-01-07 09:50:45+00:00,1428,3,253,431,people come ab6ix salute mv remix,POSITIVE,0.6408,neu,0,neutral,0.888166308,ATER
cinemapatti,"#Maanaadu Motion Poster will release on Jan 14.

Maanaadu #Teaser will release on #SilambarasanTR's Birthday Feb 3

#PathuThala Shooting starts at Fiji islands soon ater completing Maanaadu. 

@SilambarasanTR_",2021-01-06 15:08:48+00:00,334257,1,124,580,motion poster release jan maanaadu release birthday feb shoot start fiji island soon complete maanaadu,POSITIVE,0.9958,neu,-0.34,neutral,0.915094614,ATER
KiMo10626877,"چگونه ما را با گذشته بیگانه کرده اند.
نام سرزمین کهن سال من (آتر + پات + گان) است، این نام را بیشتر دوست می دارم تا معرب ان (آذربایجان) را، (آتر ater)  نام باستانی و اوستایی آتش است ( پات pāt)  به معنی نگهبان است و (گان) معنی محل، مکان و سرزمین دارد، با این تلفظ خود را به نیاکان https://t.co/65hbk78S6R",2021-01-05 08:50:36+00:00,8895,20,127,560,چگونه ما را با گذشته بیگانه کرده اند نام سرزمین کهن سال من آتر پات گان است این نام را بیشتر دوست می دارم تا معرب ان آذربایجان را آتر نام باستانی و اوستایی آتش است پات pāt به معنی نگهبان است و گان معنی محل مکان و سرزمین دارد با این تلفظ خود را به نیاکان,POSITIVE,0.9401,neu,0,neutral,0.850467622,ATER
