,Date,High,Low,Open,Close,Volume,Adj Close,close_pct,difference,text,compound,sentiment
0,2021-01-04,223.0,214.80999755859375,222.52999877929688,217.69000244140625,37130100.0,216.275390625,,0,"google cloud jump cloud war top trail amazon,big tech stock back behind nasdaq rally,robot,invent notebook display could automatically adjust angle display perfectly match user angle gaze,billionaire lee ainslie top stock pick,google pull australia prime minister say bing could take place,put game face,big pension buy tesla apple ge stock,amd give upbeat sale forecast demand chip,stock market today market rebound many retail investor roil,elon musk jeff bezos help save democracy,billionaire izzy englander favorite stock head,boeing coca cola share loss contribute dow point drop,quantumscape lose power,jim cramer investment theme like,top cloud software pick goldman sachs among initiation,buy amazon stock big breakout q4 earn potential,jim cramer investment theme like,billionaire daniel sundheim top stock pick,video game stock watch",0.875,1
1,2021-01-05,218.52000427246094,215.6999969482422,217.25999450683594,217.89999389648438,23823000.0,216.48399353027344,0.0009646352736600861,1,"effort boost window o bode well,stock gain last year gain continue,apple aapl among stock pick morgan stanley high conviction stock ahead earn,big contrarian investor sell apple intel stock buy,blue chip tech stock buy strong earn,salesforce oracle join hand develop covid vaccine passport,robot,google stock worth base large cap comp",0.959,1
2,2021-01-06,216.49000549316406,211.94000244140625,212.1699981689453,212.25,35930700.0,210.8707275390625,-0.025929298094282904,0,"robot,market close tad earn beat amd,stock gain last year gain continue,robot,apple consider foldable iphone minor change plan model,tech stock absurdly overvalue right,market expect gop hold senate georgia runoff happen",0.7783,1
3,2021-01-07,219.33999633789062,213.7100067138672,214.0399932861328,218.2899932861328,27694500.0,216.87147521972656,0.028456976613111085,1,"stock bull remain positive,robot,investor watch newly list ai company",0.0,0
4,2021-01-08,220.5800018310547,217.02999877929688,218.67999267578125,219.6199951171875,22956200.0,218.19284057617188,0.006092820889463946,1,"stock buy,robot,amazon earn come count expect,robot",0.0,0
5,2021-01-11,218.91000366210938,216.72999572753906,218.47000122070312,217.49000549316406,23031300.0,216.07669067382812,-0.009698523228210076,0,"cloud help power project co create google sister company verily,billionaire andreas halvorsen top stock pick,robot,robot,robot,robot,democrat could end wall street infatuation facebook amazon google,best tech stock buy advance,billionaire daniel sundheim top stock pick,big quant fund world stock pick,video game stock watch,big quant fund world stock pick,surge tech stock buy nasdaq hit record",0.8271,1
6,2021-01-12,217.10000610351562,213.32000732421875,216.5,214.92999267578125,23249300.0,213.53330993652344,-0.01177071475803182,0,"announce quarterly earn release date,leap another cloud compute strength drive strong earn wedbush say,nextech ceo evan gappelberg former president hareesh achi present proactive investor livestream thursday january,apxt stock apex share climb ahead avepoint spac merger",0.8885,1
7,2021-01-13,216.75999450683594,213.92999267578125,214.02000427246094,216.33999633789062,20087100.0,214.9341583251953,0.00656029270068581,1,"stock worth base powerful free cash flow,ce watch walmart wednesday,robot,warner bros game delay new harry potter game",0.6908,1
8,2021-01-14,217.4600067138672,212.74000549316406,215.91000366210938,213.02000427246094,29480800.0,211.63572692871094,-0.015346177875700584,0,"robot,tech stock crash accord fund manager dub english warren buffett,big data puzzle lifetime vaccine distribution effort get help big tech,panic like sell buy surface nasdaq composite trade thursday morning,amazon stock slowly evolve value stock,amazon stock slowly evolve value stock",0.743,1
9,2021-01-15,214.50999450683594,212.02999877929688,213.52000427246094,212.64999389648438,31746500.0,211.26812744140625,-0.0017369747843178907,0,worry stock market crash tech stock safe,-0.4019,0
10,2021-01-19,216.97999572753906,212.6300048828125,213.75,216.44000244140625,30480900.0,215.03350830078125,0.017822754073375746,1,"stock market gain gm stand tesla amc still hope,stock market news live update stock sink feed decision p post bad session three month,auto etf rev bet gm driverless car,robot,barron pick pan roundtable pick gamestop lkq netflix roblox",-0.0258,0
11,2021-01-20,225.7899932861328,217.2899932861328,217.6999969482422,224.33999633789062,37777300.0,222.88217163085938,0.036499694175631925,1,"invest self drive electric car venture,good buy salesforce v,dow point jump lead gain salesforce com inc share,top tech stock buy recession,robot,earn preview matter,robot,amazon earn come count expect,pre market active jan amc expr bb nok gme sqqq aapl cciv qqq bbby ttoo,jim cramer biden stock",0.7269,1
12,2021-01-21,226.3000030517578,222.4199981689453,224.6999969482422,224.97000122070312,30709400.0,223.50807189941406,0.0028082593077323192,1,"chart suggest mega cap stock head high,apple overdue haircut,tesla auto stock explode right,blackberry stock gain could start",0.5267,1
13,2021-01-22,230.07000732421875,225.8000030517578,227.0800018310547,225.9499969482422,30172700.0,224.48170471191406,0.004356117358854661,1,"sap expand partnership integrate team across solution,nokia stock soar record gain record volume apparent reason,behind today big tech stock rally,top stock make rich january beyond,president brad smith explain political contribution really work,robot",0.8519,1
14,2021-01-25,229.77999877929688,224.22000122070312,229.1199951171875,229.52999877929688,33152100.0,228.03843688964844,0.015844221639333522,1,"buy earn even near time high two trader say,year late much would stock worth,hour active jan lumn csco aapl viac nflx intc bkd cop snap mro,best perform dow jones stock,robot,ps5 major catalyst small cap video game stock could xbox next,tencent share tumble approach trillion valuation,jim cramer market stock stock market,p e ratio even matter anymore,robot",0.6124,1
15,2021-01-26,234.17999267578125,230.0800018310547,231.86000061035156,232.3300018310547,49169600.0,230.82025146484375,0.012198854470653053,1,"trade earn,stock make big move hour gamestop starbucks,zacks analyst blog highlight nvidia salesforce zoom video,avalanche earn j j ge morning late feed meet start,best software stock buy,wedbush tesla stock double digit upside buy tsla,state local govt tech vet jeremy goldberg join worldwide public sector group,lambda language allow new function write excel,stock benefit service revolution,robot,surprise auto stock beat tesla year,youth go wild swarm individual trader gamestop melvin capital",0.8176,1
16,2021-01-27,240.44000244140625,230.13999938964844,238.0,232.89999389648438,69870600.0,231.3865509033203,0.00245337262057177,1,"lesson investor learn big tech earn aapl tsla fb,notable wednesday option activity amzn googl,triple crown earn season facebook apple tesla start gate late,win wcld cloud compute stock deliver upside",0.0,0
17,2021-01-28,242.63999938964844,235.08999633789062,235.61000061035156,238.92999267578125,49111200.0,237.37734985351562,0.025890935754927513,1,"robot,azure cloud pas office become big business next year say analyst,robot,apple first headset niche precursor eventual ar glass,robot,billion acquisition salesforce com brilliant,launch new engineer hub ncr,could lose everything short sell stock whether bet gamestop tesla,u stock wall st jump big tech strength short squeeze worry ease,need happen salesforce stock work",-0.34,0
18,2021-01-29,238.02000427246094,231.35000610351562,235.99000549316406,231.9600067138672,42503100.0,230.45266723632812,-0.02917166607614663,0,"chart corrective bounce p stall breakdown point,hold special event february could feature new team news feature",0.2263,1
19,2021-02-01,242.5,232.42999267578125,235.05999755859375,239.64999389648438,33314200.0,238.09266662597656,0.03315221141592373,1,"search engine bing may gain google exit australia,robot,get tech stock buy hold long term,intel share gain lead dow nearly point climb,say number web shell double since last year,billionaire lee cooperman top stock pick,opinion amazon rule cloud alphabet small company fit,version visual studio right,robot,share year update commitment go carbon negative",0.8658,1
20,2021-02-02,242.30999755859375,238.69000244140625,241.3000030517578,239.50999450683594,25916300.0,237.95358276367188,-0.000584182738218253,0,"reason great growth stock,cloud business could top billion,stock forecast corporation share recover content debate continue,apple aapl disney dis top admire company,corporation ex dividend date schedule february,top cybersecurity stock buy february,big company accept bitcoin,robot,opinion like rockefeller gate bezos ride sunset lawyer take away fun,robot,robot,invite nextech ar showcase,robot,ignite come back march register free digital event",0.9682,1
21,2021-02-03,245.08999633789062,239.25999450683594,239.57000732421875,243.0,27158100.0,241.42091369628906,0.01457143991151666,1,"kaiser permanente accelerate use cloud strategic collaboration accenture,say would never threaten leave australia google say could withdraw search engine,five year quarterly earn performance,kodak stock pop today,fedex harley davidson micron amazon highlight zacks bull bear day,activision blizzard beat earn expectation call duty dominate",0.6036,1
22,2021-02-04,243.24000549316406,240.3699951171875,242.66000366210938,242.00999450683594,25296100.0,240.4373321533203,-0.0040740966796875,0,"robot,chip shortage spiral beyond car phone console,robot,amazon ceo jeff bezos step amazon stock crash,robot,bill gate plant base meat alternative get use taste difference,oracle turn cloud giant stock buy,best buy eye many store closure,aapl top nasdaq stock buy rest,ibm say consider sale watson health amid cloud focus,look tech stock great buy,apple stock year,rhode island senator call carbon tax urge corporate america show",0.6808,1
23,2021-02-05,243.27999877929688,240.4199981689453,242.22999572753906,242.1999969482422,18054800.0,240.6260986328125,0.0007851016310025383,1,"upside stock,robot",0.0,0
24,2021-02-08,243.67999267578125,240.80999755859375,243.14999389648438,242.47000122070312,22211900.0,240.8943634033203,0.0011147988268498388,1,"igv crm adbe large inflow detect etf,upside stock,robot,zacks analyst blog highlight apple tesla chevron lockheed martin,billionaire stan druckenmiller top stock pick,robot",0.4939,1
25,2021-02-09,244.75999450683594,241.3800048828125,241.8699951171875,243.77000427246094,23565000.0,242.18589782714844,0.005361500578269451,1,beta test big change point earn reward put emphasis use edge,0.5719,1
26,2021-02-10,245.9199981689453,240.88999938964844,245.0,242.82000732421875,22186700.0,241.24208068847656,-0.003897103546752989,0,"robot,robot,launch new team pro service plan webinar capability,bill gate say texas gov greg abbott explanation power outage actually wrong",-0.4767,0
27,2021-02-11,245.14999389648438,242.14999389648438,244.77999877929688,244.49000549316406,15751100.0,242.90122985839844,0.006877514696371323,1,"robot,find playstation xbox series x game console,linkedin growth driver,bill gate say underestimate elon musk good idea,new investor great starter stock,best momentum stock buy,robot,sundial grower pinterest jump stock market gate thursday,nokia stock year,stock make big move premarket pepsico generac tempur sealy others,robot,open new datacenter atlanta georgia area",0.8126,1
28,2021-02-12,245.3000030517578,242.72999572753906,243.92999267578125,244.99000549316406,16561100.0,243.39797973632812,0.0020450733721872894,1,"belief tech giant pay news,robot,try acquire amd nvidia micron,time buy giant tech stock discount,robot,top serial entrepreneur world,increase capex cloud titan benefit arista network,window insider build expand news interest taskbar market",0.7845,1
29,2021-02-16,246.1300048828125,242.9199981689453,245.02999877929688,243.6999969482422,26728500.0,242.11636352539062,-0.00526555580226673,0,"spy aapl amzn large inflow detect etf,announce register exchange offer,stock gain toward record wedbush raise price target,robot,new xbox wireless headset launch march pre order,big tech hardware company world,capitalize pullback three record hit stock chart analyst say",0.5267,1
30,2021-02-17,244.30999755859375,240.94000244140625,241.32000732421875,244.1999969482422,21653500.0,243.17189025878906,0.002051702939110722,1,"robot,garage announce journal new ink first note taker ai super power,need lastpass use authenticator edge free password management",0.802,1
31,2021-02-18,243.92999267578125,240.86000061035156,241.8000030517578,243.7899932861328,16925600.0,242.7635955810547,-0.0016789666962865324,0,"robot,robot,really transformative experience far cry watch dog onmsft com,high earn billionaire,surface pro first impression spec upgrade underrate,yf spotlight american educator search common grind school reopen,surface duo available canada germany france uk,office preview long term service channel ltsc spring",-0.296,0
32,2021-02-19,243.86000061035156,240.17999267578125,243.75,240.97000122070312,25262600.0,239.9554901123047,-0.011567300312117057,0,"robot,facebook australia face could backfire across globe,find playstation xbox series x even massive chip shortage,long delay jedi contract stall legal fight dod may go multi cloud,big canadian software company,ionq talk go public merger dmy spac,robot,robot,robot",-0.6369,0
33,2021-02-22,237.92999267578125,232.39999389648438,237.4199981689453,234.50999450683594,36446900.0,233.52268981933594,-0.026808344113965044,0,"partnership european news publisher threaten facebook alphabet,fiverr international stock tank today,alphabet beat analyst expectation cloud business continue grow,amazon cloud arm race hit another gear bezos replacement wedbush,former sac capital portfolio manager tor minesuk top stock pick,corporation moody assign aaa rat new note outlook stable,apple inc share loss lead way dow flat,robot,robot,jim cramer miss train,country high corporate tax rate",-0.6124,0
34,2021-02-23,234.8300018310547,228.72999572753906,230.3300018310547,233.27000427246094,30228700.0,232.2879180908203,-0.0052875794781482854,0,"president reason know solarwinds hack fireeye tell u,nvidia slip concern growth data center business,edge pdf reader get new build dictionary feature canary channel,edge pdf reader get new build dictionary feature canary channel,electronic art could follow gamestop path,list session ignite available team edge mix reality,host virtual game ai research summit start today 24th february",0.3818,1
35,2021-02-24,235.1999969482422,229.0,230.00999450683594,234.5500030517578,26339700.0,233.56253051757812,0.005487198336061372,1,"good never enough,four reason nsq share price could move,contact pinterest pin discus takeover deal talk active report,work home stock good zoom video,top cloud database oracle aws cockroach databricks,shell c3 ai baker hughes launch open ai energy initiative ecosystem ai solution help transform energy industry,crowdstrike stock buy,huge fund buy tesla apple stock sell,robot,thing know nokia",0.9509,1
36,2021-02-25,234.58999633789062,227.8800048828125,232.0800018310547,228.99000549316406,39542200.0,228.0259246826172,-0.02370495624068203,0,"amadeus form strategic partnership drive future innovation travel,establish first datacenter region indonesia part berdayakan ekonomi digital indonesia initiative,valuable cloud compute company,valuable cloud compute company,rule cloud answer hazy,rumor get cozy amd surface laptop release,cheap tech stock buy dip nasdaq sink",0.3818,1
37,2021-02-26,235.3699951171875,229.5399932861328,231.52999877929688,232.3800048828125,37819200.0,231.4016571044922,0.014804136898235232,1,"match make big acquisition history,robot,embassy reit invest r cr develop mn sq ft office space,robot,top robinhood stock buy hold",0.0,0
38,2021-03-01,237.47000122070312,233.14999389648438,235.89999389648438,236.94000244140625,25324000.0,235.9424591064453,0.01962302032351415,1,"robot,best technology stock pay dividend,chief say big tech antitrust issue solve law lawsuit,billionaire richard chilton top stock pick,robot,robot,billionaire steve cohen top stock pick,jim cramer tech star really shine",0.4588,1
39,2021-03-02,237.3000030517578,233.4499969482422,237.00999450683594,233.8699951171875,22812500.0,232.8853759765625,-0.012956897495508102,0,"robot,robot,new mesh platform let meet coworkers virtual reality,software industry complete investor guide,nokia technology integrate across aws google platform,time buy stock disney apple nike,reason oracle stock survive next market crash,investor consider long term position pltr stock,videogame sale jump february solid stock buy,joel greenblatt portfolio recent buy,last week notable insider buy news corp snowflake walmart,oracle tumble shift cloud software fail spur substantial growth,oracle tumble shift cloud software fail spur substantial growth,reason buy dip amd stock",-0.5859,0
40,2021-03-03,233.5800018310547,227.25999450683594,232.16000366210938,227.55999755859375,34029500.0,226.60194396972656,-0.026980791424021433,0,"robot,ceo satya nadella say team great everyone else suck leadership,crm tech stock goldman sachs add conviction buy list,zoom quarterly sale surge work home extend early,amazon cto werner vogels aws erase line physical digital,nintendo target record year switch game sale,cisco ceo predict version biden gigantic infrastructure proposal pas,robot,artificial intelligence reign post pandemic world pick,robot",0.7184,1
41,2021-03-04,232.49000549316406,224.25999450683594,226.74000549316406,226.72999572753906,44727800.0,225.7754364013672,-0.0036473977850214334,0,"top stock trade thursday arvl mara clf,reason love stock,political decision influence investor listen,probe clue hacker crack taiwan research,stock buy esg invest gain traction,excellent stock buy long term,astadia announce migration factory,billionaire jeffrey talpins top stock pick,expand vancouver footprint new job,market achilles heel twitchy bond yield,robot,invent tablet notebook accessory form smart backpack student sport enthusiast,robot,stock warren buffett bill gate agree",0.9371,1
42,2021-03-05,233.27000427246094,226.4600067138672,229.52000427246094,231.60000610351562,41872800.0,230.62493896484375,0.02147933871894403,1,"robot,buy stock late,u organization compromise flaw source say,could finally king game spend billion discord,amazon look tempt long side",0.0,0
43,2021-03-08,233.3699951171875,227.1300048828125,231.3699951171875,227.38999938964844,35267400.0,226.4326629638672,-0.01817792142883401,0,"robot,nasdaq still fall monday,robot,repsol ink software renewables collab deal,robot,safe stock buy help ride choppy water",0.4019,1
44,2021-03-09,235.3800048828125,231.6699981689453,232.8800048828125,233.77999877929688,33080500.0,232.79576110839844,0.02810149701746001,1,"earn happen,add stock would brilliant move right,tech stock exception one frustrate lot investor analyst,robot,robot,china still part game plan despite big hack",0.2023,1
45,2021-03-10,237.0,232.0399932861328,237.0,232.4199981689453,29746800.0,231.4414825439453,-0.005817437836653783,0,"stock bull bear say,team let user easily share meet invite,europe fear investor chris hohn top stock pick,robot,tech stock outperform index fund,robot,well fargo satisfy trump labor department hire black employee",0.6369,1
46,2021-03-11,239.1699981689453,234.30999755859375,234.9600067138672,237.1300048828125,29907600.0,236.13165283203125,0.020265066478674987,1,"nike share gain lead dow point jump,stock top analyst heavily bullish head april,best video game stock buy right watchlist",0.7506,1
47,2021-03-12,235.82000732421875,233.22999572753906,234.00999450683594,235.75,22653700.0,234.75746154785156,-0.005819613099972254,0,"robot,robot,launch azure region north china,zacks market edge highlight voo apple union pacific bank america,robot,video game stock week",0.34,1
48,2021-03-15,235.19000244140625,231.80999755859375,234.9600067138672,234.80999755859375,26034900.0,233.8214111328125,-0.0039872850112672165,0,"say team service return normal early outage,nok stock news partnership give popular reddit stock nokia pop,get buy top cloud compute stock right,jim cramer want put stimulus check stock read first",0.5994,1
49,2021-03-16,240.05999755859375,235.94000244140625,236.27999877929688,237.7100067138672,28092200.0,236.70921325683594,0.012350450089118503,1,hack fallout substantial dutch server watchdog say,0.2023,1
50,2021-03-17,238.5500030517578,233.22999572753906,236.14999389648438,237.0399932861328,29562100.0,236.0420379638672,-0.0028186168390499367,0,"robot,corporation nasdaq dividend rockstar,robot,china wrist slap linkedin report",0.1531,1
51,2021-03-18,234.19000244140625,230.3300018310547,232.55999755859375,230.72000122070312,34833000.0,229.74864196777344,-0.026662134004538096,0,"sell stock fund manager say,slb cvx carbon negative bioenergy project,stock market today inflation fear wreck tech,window version 21h1 available commercial pre release validation,dow retreat record rise bond yield keep investor edge,former amazon exec plead guilty 5m ppp fraud scheme please pray,gamestop exclusively sell monster hunter story amiibo u",-0.9118,0
52,2021-03-19,232.47000122070312,229.35000610351562,231.02000427246094,230.35000610351562,46430700.0,229.3802032470703,-0.0016036542789091834,0,"robot,tot form digital net zero partnership,stock market today big story watch,best love stock wall street matter,robot,prestige conclude phase deal blackstone r cr",0.6369,1
53,2021-03-22,236.89999389648438,230.13999938964844,230.27000427246094,235.99000549316406,30127000.0,234.9964599609375,0.02448447684049082,1,"robot,stock hit new high,top analyst report caterpillar target,big insider stock buy lowe walmart,boss clueless worker miserable look leave,linkedin set take clubhouse creator mode investor know,investor really hate tech stock right,good buy baidu v alphabet,robot",-0.8479,0
54,2021-03-23,241.0500030517578,237.07000732421875,237.49000549316406,237.5800018310547,31638400.0,236.5797576904297,0.006737557951100204,1,"robot,buy salesforce coupa goldman sachs say,forecast next great disruption hybrid work,stock make big move premarket astrazeneca viacomcbs sunrun,zacks analyst blog highlight dynatrace nvidia apple cerence,robot,yammer get collaborative guest access support",0.7717,1
55,2021-03-24,238.0,235.32000732421875,237.85000610351562,235.4600067138672,25620100.0,234.46868896484375,-0.008923289421872482,0,"robot,robot,chevron deepen carbon capture push schlumberger linkage",0.0,0
56,2021-03-25,236.94000244140625,231.57000732421875,235.3000030517578,232.33999633789062,34061900.0,231.36181640625,-0.013250701974913404,0,"robot,aapl buy dip tech stock,big industry world,legal tussle amazon put 10b jedi contract jeopardy bloomberg,billionaire chris rokos top stock pick,chat yubikey yubico jerrod chong",-0.1531,0
57,2021-03-26,236.7100067138672,231.5500030517578,231.5500030517578,236.47999572753906,25479900.0,235.48439025878906,0.01781871160756876,1,"robot,power digital transformation cloud,amazon towards tide shift cloud arm race,stock could set life",0.0,0
58,2021-03-29,236.8000030517578,231.8800048828125,236.58999633789062,235.24000549316406,25227500.0,234.24960327148438,-0.005243531194087381,0,"invest boost cloud presence canada,attack blame china morph global crisis,discord could become smart business move,reason buy,next stock market crash bulletproof value stock buy,billionaire jorge paulo lemann top stock pick,robot,robot",0.5423,1
59,2021-03-30,233.85000610351562,231.10000610351562,233.52999877929688,231.85000610351562,24792000.0,230.87388610839844,-0.014410811556229697,0,"baby boomer hate square,billionaire izzy englander top stock pick,intel new ceo push company year ago come back,reputable company world,amazon cto data center worker deserve credit keep light covid,target job linkedin skilling effort,faang stock uncertain time expect rise much next year,enterprise software group look cheap morgan stanley say,q stock martyr quantumscape stock,company benefit pandemic,apple continue virtual conference,nintendo use fast nvidia chip new switch model",0.128,1
60,2021-04-01,242.83999633789062,238.0500030517578,238.47000122070312,242.35000610351562,30338000.0,241.32968139648438,0.027908562208153853,1,"stock verge breakout,autodesk construction,amd ceo lisa su unique time semiconductor market,india razorpay triple valuation billion fund,vigilant protect digital asset get hack,billionaire come nothing,say outage service resolve,watch today stock rise dow p best month since november",0.8519,1
61,2021-04-05,249.9600067138672,242.6999969482422,242.75999450683594,249.07000732421875,36910600.0,248.02139282226562,0.027728496189237894,1,"investor need know interest communication platform discord,still alphabet,directstorage window work pcie ssds,tesla earn blockbuster blowout 10minutestocktrader founder",0.7845,1
62,2021-04-06,249.39999389648438,246.8800048828125,247.61000061035156,247.86000061035156,22931900.0,246.8164825439453,-0.00485809884082955,0,"blockchain stock buy,stock market news live update p retreat record high post gain april best month since november,robot",0.8555,1
63,2021-04-07,250.92999267578125,247.19000244140625,247.80999755859375,249.89999389648438,22719800.0,248.84788513183594,0.008230425567293365,1,"robot,zacks analyst blog highlight micron tech google texas instrument qorvo,produce hololens base augment reality headset potential 22b army contract,apple top tech watch earn begin,robot,announce preview openjdk",0.4939,1
64,2021-04-08,254.13999938964844,252.0,252.77000427246094,253.25,23625200.0,252.18377685546875,0.013405386896100824,1,"stock market cage match trader whether apple good buy,new billion government contract mean stock,stock market today big tech power positive session stock,robot,chip shortage mean u economy,top tech stock buy recession,facebook share make new high",0.7717,1
65,2021-04-09,255.99000549316406,252.44000244140625,252.8699951171875,255.85000610351562,24326800.0,254.77285766601562,0.010266559145175158,1,"apple ready join bull party,robot",0.5719,1
66,2021-04-12,257.6700134277344,254.6199951171875,254.7100067138672,255.91000366210938,27148700.0,254.8325958251953,0.0002345028616863587,1,"robot,robot,blue chip stock buy dow gather pace,stock market today stock sag sleepy monday alarm set,jim cramer mad money recap nvidia",-0.6808,0
67,2021-04-13,259.19000244140625,256.8299865722656,257.260009765625,258.489990234375,23837500.0,257.4017333984375,0.01008161672207275,1,"government agency must update exchange feed warn unacceptable security risk,tech stock push p record close buoy nasdaq,robot",-0.25,0
68,2021-04-14,258.8299865722656,255.16000366210938,257.4800109863281,255.58999633789062,23070900.0,254.51393127441406,-0.011218979481004032,0,"fact check pfizer announce vaccine upgrade include process chip,robot,pelosi husband buy 10m share option,expect much ibm stock next year,indonesian e commerce firm bukalapak raise mln document,tech stock roundup jim cramer okta nvidia",0.296,1
69,2021-04-15,259.92999267578125,257.7300109863281,257.92999267578125,259.5,25627500.0,258.407470703125,0.015297952651246671,1,"good buy v alphabet,apple good buy right,return capital nasdaq attention,okta still fly cloud,verizon launch 5g internet business u city",0.7003,1
70,2021-04-16,261.0,257.6000061035156,259.4700012207031,260.739990234375,24878600.0,259.6422424316406,0.004778382406069426,1,"good buy amazon v,big tech breakdown buy apple amazon stock earn,zacks analyst blog highlight jpmorgan honeywell international novo nordisk starbucks,update macbook air competitor work home age,team let mac user share system audio meet participant",0.836,1
71,2021-04-19,261.4800109863281,257.82000732421875,260.19000244140625,258.739990234375,23209300.0,257.6506652832031,-0.007670476623866662,0,"invest bln malaysia set data centre malaysian pm,tech gain biden trillion infrastructure push stock upgrade,earn press release available investor relation website,tech giant ramp stock buyback apple champ,test xbox cloud game pc apple mobile device,uipath raise 34b stock market debut,best cloud compute stock invest,stock investor say,ibm stock may limp forever never go back top",0.423,1
72,2021-04-20,260.20001220703125,256.8399963378906,257.82000732421875,258.260009765625,19722900.0,257.1726989746094,-0.0018550687441675207,0,"discord end sale talk source,announce acquisition nuance target completion,best software stock buy accord billionaire chase coleman,zacks analyst blog highlight amazon apple google nvidia,good buy apple v ibm,study worker brain endless meet result stressful,e learn stock leverage edutech concept amid coronavirus,billionaire bruce kovner trade strategy top pick,u stock p ride amazon record close,google supreme court victory oracle hail fantastic small company,quisitive technology post revenue growth full year",0.9186,1
73,2021-04-21,260.67999267578125,257.25,258.94000244140625,260.5799865722656,24030400.0,259.48291015625,0.008983105083694598,1,"want buy nuance,billionaire chamath palihapitiya portfolio stock pick investment idea,sap jump lift full year guidance cloud business,nasdaq composite gain momentum april top pick,giant investor buy ev stock tesla nio sell,solarwinds hack campaign put hot seat,sony obsession blockbuster stir unrest within playstation empire,president biden tax proposal target big tech 100b overseas profit bloomberg,really trade today hint nothing earn,stock market news live update stock hit record high trader eye biden plan earn,robot,wall street rebound two day decline netflix slide",0.872,1
74,2021-04-22,261.7799987792969,255.63999938964844,260.2099914550781,257.1700134277344,25606200.0,256.0872802734375,-0.013086089954132296,0,"stock near term potential,discord set aside acquisition bid favor ipo plan revival wsj,hour earn report april goog googl v txn amgn sbux amd syk mdlz cb cof,launch edge kid mode first kid friendly version major web browser,buy stock key number look,robot,u stock close news biden tax proposal,release first commercial preview office ltsc window office mac,buy amazon shopify stock q1 earn big growth",0.8591,1
75,2021-04-23,261.510009765625,257.2699890136719,257.8800048828125,261.1499938964844,21462600.0,260.050537109375,0.01547606742987706,1,"surface duo get performance improvement april update,robot,amd report earn tuesday expect,apex technology merge avepoint soon",0.4588,1
76,2021-04-26,262.44000244140625,260.1700134277344,261.6600036621094,261.54998779296875,19763300.0,260.4488525390625,0.0015316634341677737,1,"earn look,corporation smart long term buy,hedge fund right snap corporation,azure team xbox adoption aid q3 earn",0.4019,1
77,2021-04-27,263.19000244140625,260.1199951171875,261.5799865722656,261.9700012207031,31014200.0,260.8670654296875,0.001605862922336776,1,"book big revenue growth since,insider sell corporation nasdaq share,google blow away q1 estimate plus sbux,start engine feed meet get underway ahead alphabet earn,stock make big move bell starbucks alphabet pinterest,say linkedin top billion ad revenue last year outpace snap pinterest,robot,robot,dividend increase stock announce massive hike,short seller jump apple ahead earn,stock market today tesla up dominate full day earn move",0.6369,1
78,2021-04-28,256.5400085449219,252.9499969482422,256.0799865722656,254.55999755859375,46903100.0,253.48826599121094,-0.02828569541390591,0,"q3 earn call transcript,q3 earn revenue beat stock slump,think nasdaq well worth watch,alphabet gain drop leave nasdaq limbo,jim cramer alphabet amd boeing earn,robot,ibm share jump big revenue growth since,amgen inc share loss contribute dow point fall,tiktok founder billion fortune place among world rich people,okta expect annual growth boost new market,facebook google stock reach record big tech bounce back,stock make big move premarket alphabet spotify pinterest shopify,envision eye carbon neutrality across value chain,farmer struggle break boom carbon credit market,samsung unveil thin light powerful galaxy book,e mini dow jones industrial average ym future technical analysis strong weak,underloved angry megacap tech stock poise breakout technical analyst say,great reason buy nvidia stock",0.9694,1
79,2021-04-29,256.1000061035156,249.0,255.4600067138672,252.50999450683594,40589000.0,251.4468994140625,-0.008053123316384192,0,"high alphabet margin go,facebook hit record megacap tech stock march high,take small cut video game developer nyt,biden administration billion help end chip shortage great first step intel ceo,zacks analyst blog highlight sony nvidia google deere,apple debut incredibly thin imac m1 chip,dividend invest tip could earn thousand,enterprise software stock buy amid rise digital spend,everything work work,morning bell jim cramer buy stock,robot,acquire flatcar maker kinvolk",0.7269,1
80,2021-04-30,253.0800018310547,249.60000610351562,249.74000549316406,252.17999267578125,30945100.0,251.1182861328125,-0.0013068862153325922,0,"earn monthly retirement dividend easy step,amd give bullish forecast raise revenue outlook,amazon stock excite two reason analyst,amazon stock excite two reason analyst,robot",0.8442,1
81,2021-05-03,254.35000610351562,251.1199951171875,253.39999389648438,251.86000061035156,19626600.0,250.7996368408203,-0.0012689034607161753,0,"message app discord tie sony playstation,opinion future amazon google apple pricey growth stock bright,favorite robinhood stock buy right,roll new default font billion office user year designer old one surprise",0.4019,1
82,2021-05-04,251.2100067138672,245.75999450683594,250.97000122070312,247.7899932861328,32756100.0,246.7467803955078,-0.016159800342871344,0,"robot,nasdaq plunge investor dump growth stock,behind nasdaq tumultuous tuesday tumble,invest etf right could make millionaire retiree,detail new whiteboard education feature come summer",0.0,0
83,2021-05-05,249.5,245.82000732421875,249.05999755859375,246.47000122070312,21901300.0,245.4323272705078,-0.005327059611747287,0,"unveil immersive education solution inspire educator reimagining learn experience,robot,top artificial intelligence stock buy may,army official open hololens contract,dow rise point tech stock buy rate fall,azure revenue beat aws google cloud combine,get start pytorch v code",0.8442,1
84,2021-05-06,249.86000061035156,244.69000244140625,246.4499969482422,249.72999572753906,26491100.0,248.67860412597656,0.013226739524850872,1,"robot,update outdated window icon upcoming sun valley update",0.0,0
85,2021-05-07,254.3000030517578,251.1699981689453,252.14999389648438,252.4600067138672,27032900.0,251.39710998535156,0.01093185053070922,1,robot,0.0,0
86,2021-05-10,251.72999572753906,247.1199951171875,250.8699951171875,247.17999267578125,29299900.0,246.13934326171875,-0.020914259279372516,0,"pltr fb tsla amzn tech stock today,pentagon consider drop jedi effort,crucial arista network,fisher asset management buy apple amazon,big tech join intel seek congressional fund chip production,jim cramer go high,robot,etf good ark innovation,hyderabad pip bengaluru chennai new house launch report",0.6705,1
87,2021-05-11,246.60000610351562,242.57000732421875,244.5500030517578,246.22999572753906,33641600.0,245.19332885742188,-0.003843340789674188,0,"robot,robot,could lose jedi deal dod look past litigation,may patch tuesday update available window version 21h1 old,robot,time sell tech stock,robot,time sell tech stock,robot,flash kill update become mandatory july",-0.7964,0
88,2021-05-12,244.3800048828125,238.07000732421875,242.1699981689453,239.0,36684400.0,237.99378967285156,-0.02936277404455334,0,"good buy v oracle,bill gate divorce affect stock,robot,cerner gain takeover speculation,inflation scare stock perform best bad price rise,robot",0.5859,1
89,2021-05-13,245.60000610351562,241.4199981689453,241.8000030517578,243.02999877929688,29624300.0,242.00680541992188,0.01686191957864791,1,"stock stock simply expensive,lot like nasdaq upcoming u dividend,consider invest,stock simply expensive,benzinga bull bear week apple ge tesla twitter,apple rest big tech stock might ready rally,hour active may itub aapl fold vip bac f hban nlsn hst dbx,apple ipad pro close come replace laptop,best stock buy financial independence,announce shutdown azure blockchain service,robot,amd risk reward look good",0.9382,1
90,2021-05-14,249.17999267578125,245.49000549316406,245.5800018310547,248.14999389648438,23901100.0,247.10525512695312,0.021067337953768916,1,"robot,digital acceleration bring back great ibm",0.6249,1
91,2021-05-17,246.58999633789062,243.52000427246094,246.5500030517578,245.17999267578125,24970200.0,244.14776611328125,-0.011968572612345296,0,"say investigate gate involvement employee,dow end point low nasdaq nearly era fall tech share bounce,servicenow partner tackle cyber threat,move healthcare first many big tech",0.0258,1
92,2021-05-18,246.41000366210938,242.89999389648438,246.27000427246094,243.0800018310547,20168000.0,242.05661010742188,-0.008565098733417154,0,"announce new product guidance enhance security hybrid work environment,unplug internet explorer seek edge browser war,end era internet explorer retire next year,plan pull plug internet explorer,best software stock buy accord billionaire paul tudor jones,robot,kind shareholder hold majority corporation nasdaq share,thing might know bill gate,apple rivalry cool back get testy,top stock pick barry ritholtz josh brown,start roll window update focus quality,wfh open company cyber threat,internet computer fast rise crypto challenge amazon",0.6908,1
93,2021-05-19,243.22999572753906,238.60000610351562,239.30999755859375,243.1199951171875,25739800.0,242.65545654296875,0.00016452725782278854,1,"introduce surface pro business,investor take away earn,find source code breach see risk,corp stock buy,earn solarwinds hack may good thing azure,cancel xbox live gold price hike,ampere announce custom compute core court cloud customer,warren buffett interest rate stock cheap,nvidia salesforce buy two tech stock earn,growth company may prim massive stock buyback,jim kelly elevate federal sale svp role dell technology john byrne quote,robot,top grad stock amazon make best graduation gift,powerpoint get modern comment experience enterprise user",0.8957,1
94,2021-05-20,247.9499969482422,243.86000061035156,243.9600067138672,246.47999572753906,21800700.0,246.009033203125,0.013820338424784806,1,"salesforce investor worry,tiktok name bytedance chew new ceo pappa coo,best income stock invest,tech stock roundup jim cramer say buy salesforce stock,amazon alexa get big auto rollout six year ford deal,robot,best safe dividend stock buy accord billionaire dan loeb,robot,robot,prep another reorg shuffle executive,bad celebrity spokesperson time",0.4404,1
95,2021-05-21,248.3300018310547,244.74000549316406,247.57000732421875,245.1699981689453,21863100.0,244.7015380859375,-0.00531482303351638,0,"bmo investment arm sell u army headset deal,best affordable tech stock invest,push grow grocery tech market new deal china,yes company still use internet explorer,snowflake drop forecast slow product sale growth,ceo nadella say power workplace abuse,thing might melinda gate,share vision future team meet hybrid work",-0.0258,0
96,2021-05-24,251.16000366210938,247.50999450683594,247.7899932861328,250.77999877929688,21411500.0,250.3008270263672,0.0228820844811759,1,"one big tech stock world fantastic pullback buy trader say,israel sign cloud service deal amazon google,ibm launch new cloud ai service bid modernize business,tech giant could send helium price soar war supply grow,stock billionaire stop buy q1,qualcomm launch new snapdragon developer kit window arm summer,stock market today tech take stock swing high",-0.2023,0
97,2021-05-25,252.75,250.82000732421875,251.77000427246094,251.72000122070312,17704300.0,251.23902893066406,0.0037483150409993726,1,"market strength nabe survey volume drop crypto mine trade aapl,bill melinda gate divorce billion stake,bill melinda gate divorce year marriage,bill melinda gate divorce continue work foundation,share rally time high,cloud bos say company want compete doctor,biden tax hike could hammer tech stock surge trillion value goldman,arm challenge intel new tech aim laptop,build announce new capability azure database service",0.6249,1
98,2021-05-27,251.47999572753906,249.25,251.1699981689453,249.30999755859375,24426200.0,248.83363342285156,-0.008668368074092547,0,"stock worth fcf growth,apple accuse use epic legal attack,bill gate leave board reportedly probe prior affair,best dividend stock buy accord billionaire stan druckenmiller,stock market might give back april gain,best dividend stock buy accord billionaire ken fisher,zacks analyst blog highlight sony group activision blizzard electronic art,best dividend stock buy accord billionaire richard chilton,two dow stock look like buy djia celebrate year strategist say,best dividend stock buy accord billionaire kerr neilson,nintendo plan upgrade switch replacement soon september,gain access crypto mine operation never easy,amazon google pursue bln cloud deal boeing information,softbank tumble record profit fail impress,pro con zoom free day,sony ramp ps5 production aim break year old record,affordable major city u,corp stock fall monday underperform market,activision blizzard earn crush expectation thank call duty mobile growth,tech stock get pound simple reason,best small cap stock buy accord billionaire mario gabelli,time buy apple stock blowout earn,discord monetize live event sale talk end,bill gate reportedly ask colleague marry,avid technology small cap stock power stream revolution,mastercard sign vp harris central america strategy,eu body use amazon cloud service face privacy probe,robot,robot",0.9231,1
99,2021-05-28,252.0800018310547,249.55999755859375,251.0,249.67999267578125,18270200.0,249.20291137695312,0.0014840765344781293,1,"robot,software provider sprinklr reveal jump revenue ipo file,reason regret buy cathie wood ark innovation etf,robot,tech stock roundup amazon slowly take world,apple ceo tim cook right open iphone could carry hide cost consumer,surface duo may update bash annoy bug",-0.4767,0
100,2021-06-01,251.2899932861328,246.9600067138672,251.22999572753906,247.39999389648438,23213300.0,246.92727661132812,-0.009131683940160729,0,"notable tuesday option activity bkng amgn,top analyst report nike novo nordisk,get antitrust clearance propose nuance acquisition,invest ipo much,good buy zoom video communication v,best stock buy accord bill gate,best dividend stock buy accord billionaire izzy englander,could one stock would,billionaire leon cooperman crazy stock,oracle drop cloud fall short high expectation,robot,small company invest",-0.5423,0
101,2021-06-02,249.27000427246094,245.83999633789062,248.1300048828125,247.3000030517578,19406700.0,246.8274688720703,-0.00040416672268961396,0,"analyst bullish top technology stock ringcentral rng,say solarwinds hacker attack three new breach,name nadella chair thompson remain board,best dividend stock buy accord billionaire louis bacon,nvidia gain support arm customer buy chip designer,zacks analyst blog highlight google amazon oracle,future work completely shift partner headspace,growth spurt morgan stanley say street bearish,robot,zacks analyst blog highlight google dropbox docusign amazon,google terminate six year pact lawsuit set open battle ft,e3 stock watch year big video game event,zacks analyst blog highlight zoom video cisco,tsla tech lead unicorn large cap magic,invest satya nadella become ceo much,shadowy presence antitrust push anger rest big tech,best dividend stock buy accord billionaire jam dinan,best dividend stock buy accord al gore david blood,linkedin china block academic researcher account wsj,nintendo ubisoft gear virtual e3 game showcase bloomberg,status house antitrust push spark lawmaker clash,best dividend stock buy accord billionaire richard chilton,fireeye sell product business bln symphony lead investor group",0.3612,1
102,2021-06-03,246.33999633789062,243.0,245.22000122070312,245.7100067138672,25307700.0,245.2405242919922,-0.00642942304193117,0,"stock go,team call get secure end end encryption support july,sam altman want scan eyeball exchange cryptocurrency,bennet schwartz neonceo offer user new way build empire,robot,best dividend stock buy accord billionaire cliff asness",0.6597,1
103,2021-06-04,251.64999389648438,247.50999450683594,247.75999450683594,250.7899932861328,25281100.0,250.310791015625,0.02067472399763237,1,"buy hold stock essential infrastructure,trillion valuation one analyst raise target price,noteworthy etf inflow spy aapl amzn,top stock trade monday twlo lly ge,best dividend stock buy accord billionaire ray dalio,say error lead match bing image tiananmen tank man,p climb powell get testimony underway,best mutual fund,hour active jun ely grub aapl hban pm gfi gps zts woof chng qqq,apple block pre instal app removal bill,team user use apps external meet chat",-0.4404,0
104,2021-06-07,254.08999633789062,249.80999755859375,249.97999572753906,253.80999755859375,23079200.0,253.3250274658203,0.012041964804454297,1,u stock tech share shake g7 tax deal,0.128,1
105,2021-06-09,255.52999877929688,253.2100067138672,253.80999755859375,253.58999633789062,17937600.0,253.10545349121094,0.004038440765306461,1,"linkedin bet remote event invest billion plus virtual platform company hopin,best job year old college student",0.0,0
106,2021-06-10,257.4599914550781,253.6699981689453,254.2899932861328,257.239990234375,24563600.0,256.74847412109375,0.014393288178532915,1,"stock thing xbox game pas news investor know,robot,u stock nasdaq set open record high ahead business activity data",0.0,0
107,2021-06-14,259.95001220703125,256.79998779296875,257.8999938964844,259.8900146484375,19150500.0,259.3934326171875,0.007755244043575971,1,"bring new title xbox game pas,corporation stock great investment choice snap,u supreme court revive linkedin bid shield personal data,best dividend stock buy hold accord tiger cub lee ainslie,team meet get chat bubble person gallery view,fund connect vehicle data startup wejo join palantir gm list backer,amd score tesla customer need know,american airline back fly taxi startup go public new billion blank check wave",0.9062,1
108,2021-06-16,260.5799865722656,254.4199981689453,259.3999938964844,257.3800048828125,27220000.0,256.8882141113281,-0.0037930814534475887,0,"near time high stock may still buy,tech stock verge major breakout,xbox game pas greatly enhance value,stock among hedge fund beat market,robot,corporation stock bad value friday,join apple 2t valuation club,spotlight xbox game pas showcase upcoming game,tech stock buy hold forever,best dividend stock buy accord crispin odey hedge fund,best tech stock buy accord billionaire julian robertson,best passive income stock,robot,recession ready stock buy june",0.296,1
109,2021-06-17,261.75,256.010009765625,256.07000732421875,260.8999938964844,27565500.0,260.4014892578125,0.013676233378247638,1,"google cloud tap amd new service chip war heat,offer cisco webex call million enterprise user",-0.5994,0
110,2021-06-18,262.29998779296875,258.75,259.6300048828125,259.42999267578125,37202200.0,258.9342956542969,-0.005634347470649503,0,"good buy v ibm,low code development",0.4404,1
111,2021-06-21,263.5199890136719,257.9200134277344,259.82000732421875,262.6300048828125,26696100.0,262.128173828125,0.012334781241081894,1,"robot,earn growth price strength make stock watch,corporation stock fall week good pick,best software stock buy june,stock price prediction high go,robot,jim cramer quick take nvidia marvell,cyberpunk playstation return quick fix polish studio,antitrust bill democrat ask pelosi slow,two factor authentication keep safe online,june 12pm edt avepoint apex technology fireside chat ipo edge,performance profile net perf counter tool",0.891,1
112,2021-06-22,265.7900085449219,262.3999938964844,262.7200012207031,265.510009765625,24694100.0,265.002685546875,0.010966016179672966,1,"robot,consider invest,pc stock turn million,wejo partner palantir technology sompo hold transform future connect vehicle data,slack unveil new tool heat competition hybrid work,salesforce learn mistake dominate ai,corsair rocket early trade wall street bet find late meme stock,nintendo good game console maker,p sideways action clover health ride meme wave high,stock market boost scheme come roar back,jackware new type ransomware could time dangerous",-0.1027,0
113,2021-06-23,266.8299865722656,264.42999267578125,265.989990234375,265.2699890136719,19518700.0,264.76312255859375,-0.0009039988818688727,0,"premarket mover wednesday carvana microstrategy,robot",0.0,0
114,2021-06-24,267.8500061035156,265.4700012207031,266.1600036621094,266.69000244140625,21446900.0,266.180419921875,0.005353087369642795,1,"robot,big tech want driver eye screen instead road,fbi muscle hacker breach go banana,new green investment apps want fight climate change limit,facebook rally vault past trillion record pace,top ceo glassdoor employee choice award",0.3612,1
115,2021-06-28,268.8999938964844,265.9100036621094,266.19000244140625,268.7200012207031,19590000.0,268.20654296875,0.013961257114233572,1,"outpace stock market gain know,corporation nasdaq recent performance tether attractive financial prospect,nasdaq growth new exist frontier may fully appreciate,stock scar still buy even high,close trade trillion market cap first time,dow stock billionaire money manager stop buy",0.7717,1
116,2021-06-29,271.6499938964844,267.9800109863281,268.8699951171875,271.3999938964844,19937800.0,270.88140869140625,0.009973179010148048,1,"openai new tool give cod suggestion software developer,alibaba kick spend spree billion cloud,top research report nike blackrock,stock make solid demand mobile game,sk telecom plan billion splurge become korea softbank,best stock buy accord chris jam engine,armour shake shack rise premarket,famous harvard student time,best esg stock buy",-0.1531,0
117,2021-06-30,271.3599853515625,269.6000061035156,270.69000244140625,270.8999938964844,21656500.0,270.38238525390625,-0.0018422992308197994,0,"winner look ready stock split,win u antitrust okay bln purchase nuance,robot,migrate 5g mobile network cloud acquire network cloud platform engineer lifecycle management software,run core 5g network cloud,robot,amazon google facebook strive turn carbon neutral massively invest clean energy procurement wsj,fast grow job america,slack ceo window think fair tactic,amazon breakup face long odds say amazon unbind author brad stone,modern webcam review great window team",0.959,1
118,2021-07-01,271.8399963378906,269.6000061035156,269.6099853515625,271.6000061035156,16725300.0,271.0810546875,0.0025840244474082397,1,"window help harm investor,alphabet googl stock stock earn report,unstoppable software stock snatch,big tech earn preview apple amazon market mover",-0.0258,0
119,2021-07-02,278.0,272.5,272.82000732421875,277.6499938964844,26458000.0,277.1194763183594,0.02227535956189519,1,"stock price target rosenblatt security,brainer stock lead market high friday,best roth ira stock hedge fund buy,apple could become google big cloud customer",0.0,0
120,2021-07-06,279.3699951171875,274.29998779296875,278.0299987792969,277.6600036621094,31565600.0,277.12945556640625,3.605174084286844e-05,1,"robot,eye big share video game thrive",0.296,1
121,2021-07-07,280.69000244140625,277.1499938964844,279.3999938964844,279.92999267578125,23260000.0,279.3951110839844,0.008175426722367485,1,"could stock undervalue,robot,watch jim cramer year yield feed minute amazon didi,amid post covid boom company wipro invest billion cloud service,esg stock add portfolio",0.1779,1
122,2021-07-08,278.7300109863281,274.8699951171875,276.8999938964844,277.4200134277344,24618600.0,276.8899230957031,-0.00896645344807323,0,"give employee bonus effort pandemic,best young stock buy hold year,pandemic earn star watch,gop cyber committee member dump stock long pentagon nix jedi deal,still buy,chatbot spinoff xiaoice reach billion valuation,best dividend contender buy,big contrarian investor sell apple stock buy pfizer merck,u ally accuse china global cyber hack campaign,zacks analyst blog highlight jpmorgan goldman sachs abbvie enbridge,valuable company world,big week mega cap call question apple fall overnight,stock buy increase cloud infrastructure spend",0.6597,1
123,2021-07-09,278.04998779296875,275.32000732421875,275.7200012207031,277.94000244140625,23916700.0,277.408935546875,0.0018743745530360734,1,"robot,dow mover cat",0.0,0
124,2021-07-12,279.7699890136719,276.5799865722656,279.1600036621094,277.32000732421875,18931700.0,276.7901306152344,-0.0022306796853331923,0,"azure cloud leverage canada base cibc,hour earn report july aapl goog googl v sbux amd syk mdlz cb csgp eqr,solarwinds say unknown hacker exploit newly discover software flaw",-0.1027,0
125,2021-07-14,283.6600036621094,280.54998779296875,282.3500061035156,282.510009765625,23113700.0,281.97021484375,0.005445222860964716,1,"technology sector update dts clps oiim,robot,gop rep cyber committee dump stock shortly 10b pentagon contract scrap,stock first half,robot,announce quarterly earn release date",-0.3818,0
126,2021-07-15,282.510009765625,279.8299865722656,282.0,281.0299987792969,22604200.0,280.4930114746094,-0.005238791317716429,0,"stock target morgan stanley,acquire riskiq strengthen security business,stock soar new high earn come tuesday,robot,chip crunch recovery rocky apple attest,amazon notch comeback win year long pentagon cloud battle",0.7096,1
127,2021-07-16,284.1000061035156,279.4599914550781,282.07000732421875,280.75,26186800.0,280.21356201171875,-0.0009963305715158244,0,"launch window,q2 earn preview meet market sky high expectation,stock could reach trillion market cap,dividend pay tech stock buy dip",-0.0772,0
128,2021-07-19,280.3699951171875,274.45001220703125,278.92999267578125,277.010009765625,32935600.0,276.480712890625,-0.013321425589937652,0,"buy tech stock correct,cofounder paul allen lavish spread list million,best dividend stock buy accord frank fu caas capital,loom challenge face iconic tech stock,china hack back white house corner,best cryptocurrencies invest accord reddit,crocs crush earn prof footwear force reckon",-0.7184,0
129,2021-07-20,280.9700012207031,276.260009765625,278.0299987792969,279.32000732421875,26259700.0,278.7862854003906,0.00833904002439545,1,"ad air tokyo olympics show team business app,apple facebook still undervalue,quantum compute set transform tech stock watch,amazon q2 revenue fall short estimate q3 forecast disappoint,asian stock largely struggle weak u data",-0.6369,0
130,2021-07-22,286.4200134277344,283.4200134277344,283.8399963378906,286.1400146484375,23384100.0,285.59326171875,0.016844423790914442,1,"alphabet profitability still hide cloud surge past faang toward q2 earn,best large cap dividend stock buy accord hedge fund,tesla tsla q2 earn thing watch,nintendo switch big price hike take gamers new territory,best certification top technical exam,google cloud pitch security tool aid government business",0.5574,1
131,2021-07-23,289.989990234375,286.5,287.3699951171875,289.6700134277344,22768100.0,289.11651611328125,0.012336613540870678,1,"get new street high price target citi one trader say staple within portfolio,v nvidia mega cap stock good buy,q4 earn result highlight xbox hardware sale growth",0.7845,1
132,2021-07-26,289.69000244140625,286.6400146484375,289.0,289.04998779296875,23176100.0,288.4976806640625,-0.0021404550213144358,0,"stock target price raise jefferies fundamental,option trader optimistic go earn,dow jones break apple visa earn come,big tech stock account p,best think ahead earn,bukalapak poise raise billion landmark ipo,could peak tech boom look,p stage rebound dip buy activity,bank england crack secretive cloud compute service,update bukalapak up ipo bln set large indonesian issue,big tech growth really decelerate,best vanguard stock buy,best african stock invest,bank england eye power amazon google finance,big tech apple alphabet hit new high,alphabet boeing rise premarket starbucks spotify fall,stock year dividend increase,best dividend stock buy accord jam parson junto capital management,u stock nasdaq set bad day month big tech earn,nintendo unveil switch display still lag rival,p snap week win streak despite upbeat start earn season,ibm cloud demand lift sale best quarter three year,bln deal salesforce aim connect company via slack,best reit stock high dividend yield,biden name tech foe jonathan kanter doj antitrust chief,earn takeaway high q4 growth year cloud growth next,stock watch adoption mlaas continue grow,four blockbuster earn report week could make break market rally piper sandler say,facebook tech giant target attacker manifesto far right militia database,wall street hover near record high tech earn feed meet",0.875,1
133,2021-07-27,289.5799865722656,282.95001220703125,289.42999267578125,286.5400085449219,33604100.0,285.99249267578125,-0.00868354732415566,0,"robot,focus aggressively cloud ahead fiscal q4 earn report,blue chip stock could send market low wednesday morning,big tech earn today expect aapl googl,u judge say google request document relevant,acquire suplari,stock gain annual increase benefit pandemic snap,make fast turn reversal pattern downside,software stock good buy palantir,q2 earn scorecard analyst report abbvie enbridge,massive ransomware attack may impact thousand victim,solid reason bet big tech etf stock,monstrous earn week ahead tesla google apple facebook amazon focus,announce partner year award winner finalist,near deal buy stake indian hospitality unicorn oyo ahead ipo report,tech giant next acquisition could,best environmental stock invest,softbank back lenskart raise million india tech boom,best stock buy accord brazilian billionaire jorge paulo lemann,apple share surge record high rally pick steam,contract could measurable impact azure cloud revenue inc,dow jones fall boeing tech stock sell off delta variant worry,stock market take nosedive,future video email market verbmail,jeff bezos break elon musk wealth record clock 211b bloomberg",0.9552,1
134,2021-07-28,290.1499938964844,283.8299865722656,288.989990234375,286.2200012207031,33566900.0,285.673095703125,-0.0011167980549864343,0,big tech start require vaccine twitter close open u office,0.0,0
135,2021-07-29,288.6199951171875,286.0799865722656,286.239990234375,286.5,18168300.0,285.95257568359375,0.0009782641957329918,1,"apple alphabet trader best ever megacap,look tap india oyo potential ipo source,linkedin allow employee work fully remote remove office expectation,caution market chinese crackdown cause big knock since,robot",0.7269,1
136,2021-07-30,286.6600036621094,283.9100036621094,285.1700134277344,284.9100036621094,20940900.0,284.3656005859375,-0.005549725437663633,0,"robot,trend high return nasdaq u interest,shareholder nasdaq must delight total return,overbought overloved,excellent quarterly result show consistently high fcf margin",0.5994,1
137,2021-08-02,286.7699890136719,283.739990234375,286.3599853515625,284.82000732421875,16267400.0,284.2757873535156,-0.0003158763705515266,0,"option trader optimistic earn,sure check corporation nasdaq go ex dividend",0.3182,1
138,2021-08-03,287.2300109863281,284.0,285.4200134277344,287.1199951171875,17879000.0,286.5713806152344,0.008075232546253641,1,"window price see tepid reaction,great investment choice,hedge fund right corporation,reason need reveal azure financials,biden ask ceo help cybersecurity meet challenge alone,top u company stack risk factor post earn,robot,tyson food mandate vaccination u automaker mask,robot,peaceful country world,sd time news digest announce secretmanagement ga azul announce support eclipse temurin infostretch partnership automation anywhere",0.5574,1
139,2021-08-04,287.5899963378906,284.6499938964844,286.2200012207031,286.510009765625,16191300.0,285.9625549316406,-0.002124496245249463,0,tech bumper earn motley fool senior analyst weigh,-0.4404,0
140,2021-08-05,289.6300048828125,286.1000061035156,286.8800048828125,289.5199890136719,13900200.0,288.966796875,0.010505668721693562,1,underrate tech dividend stock ignore,-0.3612,0
141,2021-08-09,291.54998779296875,287.80999755859375,289.75,288.3299865722656,16117600.0,287.779052734375,-0.003903837891834794,0,u government enlist tech firm help cybersecurity,0.4019,1
142,2021-08-10,289.25,285.20001220703125,288.79998779296875,286.44000244140625,18616600.0,285.8927001953125,-0.006554934342168028,0,"time book profit,favorite company mba class,zoom video crowdstrike consumer confidence thing watch,nasdaq close without apple help,corp stock outperform competitor despite loss day,acquire israeli video stream company peer5 build team,analyst see stock benefit next wave cybersecurity spend biden call apple amazon ceo summit",0.8386,1
143,2021-08-11,288.6600036621094,285.8599853515625,287.2099914550781,286.95001220703125,13955900.0,286.4017333984375,0.0017805116648443864,1,"caterpillar home depot walgreens lift dow jones record even visa stock fall,new solar project show climate racial equity get connect",0.0,0
144,2021-08-12,289.9700012207031,286.3399963378906,286.6300048828125,289.80999755859375,14561300.0,289.2562561035156,0.00996684171422535,1,"nintendo year,cisco gain qqq bounce back thursday,stock buy delta variant case surge,roll inbox app update window",0.5267,1
145,2021-08-16,294.82000732421875,290.0199890136719,293.19000244140625,294.6000061035156,22507600.0,294.037109375,0.005975755381686376,1,"outpace computer technology stock year,go pinterest upwork",0.0,0
146,2021-08-17,293.42999267578125,291.0799865722656,292.3900146484375,293.0799865722656,20075300.0,292.5199890136719,-0.005159604547719909,0,"great stock ira,hedge fund blindside china risk new warn,value stock look like scream buy post earn",0.4215,1
147,2021-08-18,294.82000732421875,290.2699890136719,292.0400085449219,290.7300109863281,21813000.0,290.7300109863281,-0.00801820558756594,0,"imply volatility surge stock option,best stock buy accord senvest management,stock buy today accord british billionaire david harding,josh brown compare nvidia apple,stanley druckenmiller sell stock,stock trade time high,p cut loss clinch record high,stock benefit potential quantum compute,softbank sell billion list stock last quarter,big tech speak,commit spend billion cybersecurity five year",-0.1027,0
148,2021-08-19,297.4700012207031,288.6400146484375,288.69000244140625,296.7699890136719,29850500.0,296.7699890136719,0.020775213425172634,1,"forecast day intelligent cloud revenue trefis,dividend pay tech stock buy right,call wsb effect nasdaq moshkelgosha,jim cramer firm put price increase matter,apple need guard free speech protect kid,corp stock outperform competitor strong trade day,metaverse stock buy,share consensus view",0.9201,1
149,2021-08-20,305.8399963378906,298.05999755859375,299.7200012207031,304.3599853515625,40796100.0,304.3599853515625,0.025575349997876584,1,"beat apple become valuable nasdaq stock,type shareholder number corporation nasdaq share,duke energy team accenture develop first kind methane emission monitor platform,v amazon tale two mega cap stock,search stock marketbeat august,bank regulator tech giant big fail",0.7269,1
150,2021-08-23,305.3999938964844,301.8500061035156,303.25,304.6499938964844,22830200.0,304.6499938964844,0.000952847151004077,1,"nvidia friday,corporation stock smart value monday",0.6249,1
151,2021-08-24,305.6499938964844,302.0,305.0199890136719,302.6199951171875,18175800.0,302.6199951171875,-0.006663380337984304,0,"noteworthy tuesday option activity aeo tgh,look use ethereum blockchain prevent piracy,best stock buy accord billionaire daniel sundheim,cloud game come late xbox console,researcher cybersecurity agency urge action cloud database user,cerebras system lay foundation huge artificial intelligence,top blue chip pick gain dow strong rally,former amazon exec sentence million ppp fraud",0.743,1
152,2021-08-25,304.5899963378906,300.4200134277344,304.29998779296875,302.010009765625,20006100.0,302.010009765625,-0.002015680924607355,0,"hour active aug mxim crwd qqq pypl aapl,good stock buy,stansberry research,robot,stock make rise demand iaa,fund indian hospitality unicorn 6b valuation despite pandemic induce downturn,google facebook top eu lobby spend study,top rank tech stock buy hold earn,best stock buy accord billionaire mario gabelli,stock watch amid grow usage extend reality tech,exchange use hack diplomat breach,tiger global top stock pick performance,benzinga bull bear week apple bitcoin robinhood walmart,stock track thrive video game industry,technology stock pay dividend,best tech stock buy accord stanley druckenmiller,stock make surge demand cloud game,mario gabelli dump stock,alphabet surge gain long rally since,best healthcare stock buy accord larry robbins glenview capital,tech giant buy irrespective feed bond buy taper,win blockchain patent implement cross chain token service,data breach expose million user information,hyderabad total warehouse stock poise cross million sq ft,amazon covid dilemma mandate vaccination risk lose worker,invest stock xbox release much,bill gate admit meet jeffrey epstein huge mistake,chinese hacker compromise telecom company researcher say,zoom stock crash simple reason,time cyber security etf,say loud cloud,take two stock sink earn top estimate forecast fall short,telco seek killer app recoup billion spend 5g,stock forecast next 2trn tech giant,apple race temper outcry child porn track system,much invest decade ago,dow jump point gain share caterpillar,robot",-0.4215,0
153,2021-08-26,302.42999267578125,298.95001220703125,300.989990234375,299.0899963378906,17666100.0,299.0899963378906,-0.009668598169976117,0,"exclusive warn thousand cloud customer expose database,stock watch amid grow iot adoption within retail,robot,best stock buy right",-0.128,0
154,2021-08-27,300.8699951171875,296.8299865722656,298.989990234375,299.7200012207031,22597000.0,299.7200012207031,0.0021064057324764462,1,"growth stock near record high still worth buy,harris meet ceo drum support child care proposal white house,stock surge worth buy stock snap,hour active aug pltr aapl rlx jpm amc cve doyu csco mnkd nvda,stanley druckenmiller load stock,inflation stay financial adviser,best dividend stock september,best dividend stock buy august accord hedge fund,facebook stock pop today,sustainability trend boost esg invest green pick,instacart tap another facebook veteran part shake,investor choose salesforce,stock buy hold forever,robot run large cap etf le apple amazon facebook compare spy bullish manufacture stock instead apple aapl amazon amzn p dep r,elon musk introduce robot bill gate rally tax,huge pension make big bet apple shopify tilray stock,build power apps web apis",0.9524,1
155,2021-08-30,304.2200012207031,301.05999755859375,301.1199951171875,303.5899963378906,16348100.0,303.5899963378906,0.012912034903996172,1,far p rally feed event,0.0,0
156,2021-08-31,304.5,301.5,304.4200134277344,301.8800048828125,26285300.0,301.8800048828125,-0.0056325685157785355,0,"set release window,corporation ex dividend date schedule august,nasdaq impressive roe size,corporation nasdaq insider sell u 107m worth stock possible red flag yet materialize,get tech stock buy hold long term",0.6369,1
157,2021-09-01,305.19000244140625,301.489990234375,302.8699951171875,301.8299865722656,18983800.0,301.8299865722656,-0.0001656893790176195,0,"stock sink market gain know,top growth stock dividend investor also love,apple nvidia stock reverse course watch apple aapl nvidia nvda",0.7184,1
158,2021-09-07,301.0899963378906,298.20001220703125,301.010009765625,300.17999267578125,17180400.0,300.17999267578125,-0.0031879588429223338,0,"president explain pledge billion cybersecurity,noteworthy etf inflow spy fb googl,acquire video edit software start clipchamp,invest le cost nba 2k22,pre market active sep didi dbx vip clov ko sqqq v csx dis edu lcid,aapl top stock esg investor,pre market active sep lptx tmc opad irnt sqqq carr paa gm wba wmb snow,invest quality stock etf,analyst rat,fall close september,google team cisco webex make videoconferences easy,top research report amazon nextera energy,zacks analyst blog highlight amazon nextera energy,covenant logistics nike amazon sun life highlight zacks bull bear day,apple stock ahead iphone reveal,stock make continue demand video game",0.9423,1
159,2021-09-08,300.6099853515625,297.4700012207031,299.7799987792969,300.2099914550781,15046800.0,300.2099914550781,9.993597184632108e-05,1,"gain market dip know,early facebook investor say faang name outperform next gen tech,stock dip significant change snap",0.6369,1
160,2021-09-09,302.1400146484375,297.0,300.82000732421875,297.25,19927000.0,297.25,-0.009859736648775153,0,"robot,company raise dividend week,google partner cisco videoconferencing,apple big tech stock slump,land end joann nvidia apply material highlight zacks bull bear day,university college protect cyber attack,update tech giant seek meet new malaysian pm foreign ship cable waiver,edge hit big milestone",0.6124,1
161,2021-09-10,299.9200134277344,295.3800048828125,298.4200134277344,295.7099914550781,19619400.0,295.7099914550781,-0.005180852968618588,0,"dividend buyback combo could lead stock high,competition new phone feature compete zoom",0.0,0
162,2021-09-14,301.3900146484375,298.1000061035156,299.55999755859375,299.7900085449219,21853400.0,299.7900085449219,0.009427988829984413,1,"acquire edtech platform takelessons,stock market today dow drop brief boost cpi data fade",0.1531,1
163,2021-09-15,305.32000732421875,301.82000732421875,303.260009765625,304.82000732421875,28356300.0,304.82000732421875,0.016778407004658824,1,"reveal new repurchase plan bump dividend,stock increase today,technology sector update irnt ctxs,technology sector update ctxs xlk soxx,daily dividend report pm vtr kdp,well fargo pick google cloud service provider",0.3182,1
164,2021-09-16,305.30999755859375,300.760009765625,303.760009765625,305.2200012207031,19550800.0,305.2200012207031,0.0013122297974978991,1,"board approve 60b share repurchase program,notable thursday option activity bkng nflx,chinese stock luokung pop morning,hour active sep cog bac tlt abev ibn unm kr aapl gild usig trip",0.5994,1
165,2021-09-17,304.5,299.5299987792969,304.1700134277344,299.8699951171875,41372500.0,299.8699951171875,-0.01752836014061565,0,"growth likely slow investor say,trade integrate risk control,image verification tech key battle misinformation venture arm exec",-0.5267,0
166,2021-09-20,298.7200012207031,289.5199890136719,296.3299865722656,294.29998779296875,38278700.0,294.29998779296875,-0.018574740437241832,0,"dip broad market know,v salesforce com saas stock good investment,multiple reason stock winner",0.7717,1
167,2021-09-21,297.5400085449219,294.07000732421875,295.69000244140625,294.79998779296875,22364100.0,294.79998779296875,0.0016989467235444256,1,"stock head trefis,pledge billion share buyback stock could buy instead,put cash work,amazon luna cloud game service get big change take,stock insider sell",0.296,1
168,2021-09-22,300.2200012207031,294.510009765625,296.7300109863281,298.5799865722656,26626300.0,298.5799865722656,0.01282224876464877,1,"stock head,launch new line surface product",0.0,0
169,2021-09-23,300.8999938964844,297.5299987792969,298.8500061035156,299.55999755859375,18604600.0,299.55999755859375,0.003282239367677464,1,"remain top notch dividend stock,roll new surface product key takeaway,stock head,cybersecurity stock buy rise ransomware attack,corporation stock attractive value,let kill password good",0.2263,1
170,2021-09-24,299.79998779296875,296.92999267578125,298.2300109863281,299.3500061035156,14999000.0,299.3500061035156,-0.0007009996554598885,0,"sarge guilfoyle sell,corporation stock good value wednesday,azure platform implement truveta",0.6486,1
171,2021-09-27,296.4700012207031,292.94000244140625,296.1400146484375,294.1700134277344,23571700.0,294.1700134277344,-0.017304134191298504,0,"stock jim cramer watch monday bifurcate market,boost portfolio promise tech stock,zacks analyst blog highlight nvidia qualcomm apply material salesforce,tech trade do jefferies analyst,stock dip today know late news snap",0.5719,1
172,2021-09-28,290.7799987792969,282.75,289.79998779296875,283.5199890136719,43186200.0,283.5199890136719,-0.03620363710755581,0,"robot,ceo say fail tiktok deal strange thing work,raise dividend compare big u firm,ipo doximity still worth buy,kroger result producer price inventory thing watch,google stock quietly go berserk,warn azure customer flaw could permit hacker access data,alphabet weak report say slash fee cloud sale,zacks analyst blog highlight apple thermo fisher royal dutch shell estee lauder",-0.7184,0
173,2021-09-29,286.7699890136719,283.010009765625,285.1000061035156,284.0,26353700.0,284.0,0.00169304107268764,1,"robot,corporation nasdaq stock show weakness lately financials look strong prospective shareholder make leap,popular robinhood stock buy september,could buy stock would,corporation nasdaq analysis smart money operation,v amazon com faamg stock good investment,elliott wave view rally fail video",0.5106,1
